-2.692470550537109375e+00,2.294352054595947266e+00
-3.132637143135070801e-01,2.558666706085205078e+00
2.674913167953491211e+00,2.248955249786376953e+00
-4.911323189735412598e-01,1.940135955810546875e+00
2.836840152740478516e+00,-3.066220283508300781e+00
1.319232344627380371e+00,1.205474376678466797e+00
6.936424374580383301e-01,5.959990501403808594e+00
3.129121065139770508e+00,-3.042922616004943848e-01
-3.309014558792114258e+00,2.094383478164672852e+00
1.908195495605468750e+00,2.524858713150024414e+00
2.938582420349121094e+00,-3.859307289123535156e+00
-5.600342750549316406e-01,3.399964570999145508e+00
2.994261026382446289e+00,-1.223667860031127930e+00
-1.034617722034454346e-01,2.785779476165771484e+00
4.144567966461181641e+00,4.679982662200927734e+00
3.066405534744262695e+00,-1.925471782684326172e+00
-1.300012350082397461e+00,2.729904174804687500e+00
-9.713553786277770996e-01,2.809668540954589844e+00
1.563096523284912109e+00,6.734447479248046875e-01
2.109733581542968750e+00,1.567066431045532227e+00
8.977299928665161133e-02,3.009805679321289062e+00
-4.195189476013183594e-01,2.737598180770874023e+00
1.789161443710327148e+00,6.625922203063964844e+00
-3.624988079071044922e+00,2.134571552276611328e+00
-1.461768627166748047e+00,3.039378404617309570e+00
3.236638307571411133e+00,8.513088226318359375e-01
-2.582372426986694336e-01,2.574163436889648438e+00
2.918148756027221680e+00,-7.062700390815734863e-01
-8.450645804405212402e-01,2.991991758346557617e+00
4.502330303192138672e+00,9.638586997985839844e+00
-3.794311046600341797e+00,2.264268875122070312e+00
3.387721300125122070e+00,-1.131330966949462891e+00
-1.179497241973876953e+00,3.056720256805419922e+00
3.387390613555908203e+00,3.874120473861694336e+00
-3.650213718414306641e+00,3.662714004516601562e+00
-9.181933999061584473e-01,2.841723918914794922e+00
-4.061087608337402344e+00,2.516042232513427734e+00
-9.364452958106994629e-01,2.534459114074707031e+00
-2.532473802566528320e+00,3.128445148468017578e+00
-1.450514793395996094e-02,3.014701843261718750e+00
1.141326427459716797e-01,2.971033334732055664e+00
-1.910897970199584961e+00,2.718609809875488281e+00
3.027997255325317383e+00,-7.195261120796203613e-01
3.193429946899414062e+00,1.341440439224243164e+00
-3.008204102516174316e-01,3.565330266952514648e+00
-4.747081756591796875e+00,2.699988126754760742e+00
-2.472666978836059570e+00,2.366404771804809570e+00
4.590284824371337891e-01,2.979508876800537109e+00
3.323762416839599609e+00,-3.329442977905273438e+00
1.304505348205566406e+00,1.781026363372802734e+00
-6.735867500305175781e+00,2.094183683395385742e+00
-2.525460124015808105e-01,2.821271419525146484e+00
1.039094924926757812e+00,5.768799781799316406e-01
1.286674499511718750e+00,1.603071451187133789e+00
2.886380672454833984e+00,-1.984443664550781250e+00
3.005708932876586914e+00,-2.151395320892333984e+00
-2.269721627235412598e-01,1.822471261024475098e+00
1.696766018867492676e-01,2.705778837203979492e+00
2.984275341033935547e+00,1.317017078399658203e+00
-2.136914014816284180e+00,2.697608947753906250e+00
-1.324790477752685547e+00,2.547688007354736328e+00
3.425266027450561523e+00,-7.263527512550354004e-01
7.046812772750854492e-01,5.832139015197753906e+00
2.877868890762329102e+00,4.138938903808593750e+00
-2.033384799957275391e+00,2.564172029495239258e+00
-1.819865703582763672e+00,2.926357984542846680e+00
2.027022361755371094e+00,1.637000560760498047e+00
3.435888290405273438e+00,-2.521921873092651367e+00
1.576862633228302002e-01,2.761102437973022461e+00
-1.246754884719848633e+00,2.260666131973266602e+00
9.036290645599365234e-02,2.338060617446899414e+00
-4.819609522819519043e-01,2.808701276779174805e+00
-3.378994464874267578e-01,2.761815547943115234e+00
1.031029462814331055e+00,3.533591985702514648e+00
1.152310729026794434e+00,1.418761014938354492e+00
-1.786689162254333496e-01,2.674898862838745117e+00
2.788987874984741211e+00,-1.725975394248962402e+00
-4.797794818878173828e+00,2.766355276107788086e+00
-1.546590089797973633e+00,2.834061145782470703e+00
7.957176566123962402e-01,3.555248022079467773e+00
3.074074745178222656e+00,-2.326162815093994141e+00
3.482118844985961914e+00,7.616180181503295898e-02
3.085593461990356445e+00,-9.877678751945495605e-01
2.436793327331542969e+00,2.048595428466796875e+00
1.221551895141601562e+00,9.477786421775817871e-01
4.154747724533081055e-02,2.850887537002563477e+00
-4.857561588287353516e-01,2.321447134017944336e+00
2.806870937347412109e+00,-3.427459716796875000e+00
1.880812942981719971e-01,2.586450338363647461e+00
-3.876885414123535156e+00,2.587815761566162109e+00
3.306539297103881836e+00,7.252738475799560547e-01
4.645199775695800781e+00,2.492026090621948242e+00
-2.564216852188110352e+00,2.453073740005493164e+00
4.365908145904541016e+00,1.117133021354675293e+00
2.963576793670654297e+00,-2.335151910781860352e+00
-2.865146875381469727e+00,2.278316497802734375e+00
-1.153352737426757812e+00,2.914535045623779297e+00
1.473912000656127930e+00,1.440476894378662109e+00
8.340945839881896973e-01,3.316825389862060547e+00
-4.125050306320190430e-01,3.094122171401977539e+00
1.656530946493148804e-01,2.316475152969360352e+00
1.433517694473266602e+00,1.983968973159790039e+00
2.961918830871582031e+00,-2.911190509796142578e+00
2.941746234893798828e+00,-1.119446992874145508e+00
3.551229000091552734e+00,6.329014301300048828e-01
2.986602783203125000e+00,2.652114629745483398e+00
-3.039907455444335938e+00,3.081318378448486328e+00
-9.767323136329650879e-01,2.246276617050170898e+00
2.964441537857055664e+00,3.857005119323730469e+00
-1.442118644714355469e+00,2.926182746887207031e+00
2.491772890090942383e+00,2.771573662757873535e-01
-2.518632650375366211e+00,2.676186800003051758e+00
-5.654039978981018066e-01,3.296317815780639648e+00
8.887426853179931641e-01,1.406498312950134277e+00
-2.561095356941223145e-02,2.952848196029663086e+00
-3.967466354370117188e-01,2.229048013687133789e+00
-1.814588904380798340e-02,2.521780490875244141e+00
-1.054812192916870117e+00,3.035211563110351562e+00
-2.043136358261108398e+00,3.026849746704101562e+00
3.142408132553100586e+00,-4.419281482696533203e+00
-3.649041652679443359e+00,2.072406291961669922e+00
5.749203562736511230e-01,2.314734220504760742e+00
4.627681732177734375e+00,6.725329160690307617e-02
2.930496692657470703e+00,-9.198337793350219727e-02
1.938418000936508179e-01,3.100297212600708008e+00
3.051883459091186523e+00,-9.247011542320251465e-01
-1.999047040939331055e+00,2.771529674530029297e+00
5.540379524230957031e+00,1.429085254669189453e+00
2.608537971973419189e-01,2.423436641693115234e+00
-9.791496396064758301e-01,2.585288047790527344e+00
2.933532953262329102e+00,-2.774472236633300781e+00
-2.182668447494506836e-02,2.646640777587890625e+00
1.352940052747726440e-01,3.231297016143798828e+00
2.937869071960449219e+00,-9.446384310722351074e-01
-6.272796988487243652e-01,2.230086326599121094e+00
4.976127147674560547e+00,5.982489109039306641e+00
-2.680834531784057617e-01,2.978489637374877930e+00
1.944613456726074219e+00,1.097200155258178711e+00
-5.228896141052246094e+00,2.914736986160278320e+00
-1.087474822998046875e+00,2.400557041168212891e+00
3.040150403976440430e-01,3.149314880371093750e+00
2.864950656890869141e+00,-1.722853183746337891e-01
-2.774293422698974609e+00,2.601785421371459961e+00
3.064198017120361328e+00,-2.749866247177124023e+00
1.886864423751831055e+00,2.520102024078369141e+00
-1.341212987899780273e-01,2.449077606201171875e+00
1.486448198556900024e-01,2.357737541198730469e+00
5.323122739791870117e-01,2.538272142410278320e+00
-1.844071388244628906e+00,3.019940853118896484e+00
-1.353264331817626953e+00,3.194595336914062500e+00
3.256426572799682617e+00,-1.318634033203125000e+00
3.081889867782592773e+00,-8.069024682044982910e-01
-1.326205015182495117e+00,2.638729572296142578e+00
-9.604781270027160645e-01,3.007786750793457031e+00
6.603413820266723633e-01,6.851651668548583984e-01
5.079796910285949707e-02,2.344159126281738281e+00
-2.888563394546508789e+00,2.894289255142211914e+00
-2.974314212799072266e+00,2.214273452758789062e+00
5.866402626037597656e+00,2.776134610176086426e-01
-7.700650095939636230e-01,2.624253034591674805e+00
1.659473776817321777e-02,2.698197364807128906e+00
1.477880954742431641e+00,3.429659366607666016e+00
5.627910614013671875e+00,3.107051372528076172e+00
3.087868690490722656e+00,-8.105494379997253418e-01
-3.009851217269897461e+00,3.190841197967529297e+00
1.030521154403686523e+00,1.809570789337158203e+00
3.283808231353759766e-01,1.895807027816772461e+00
3.257604122161865234e+00,-2.945864200592041016e+00
2.119078397750854492e+00,1.105073738098144531e+01
2.965915203094482422e-02,2.826931953430175781e+00
2.859052419662475586e+00,-1.126418113708496094e+00
-2.334189891815185547e+00,3.213424205780029297e+00
3.434053182601928711e+00,-3.139693260192871094e+00
-6.018658638000488281e+00,1.957189917564392090e+00
3.052839040756225586e+00,-1.520293712615966797e+00
3.439125776290893555e+00,-2.632635593414306641e+00
1.838855266571044922e+00,4.551201820373535156e+00
3.320066690444946289e+00,3.755959272384643555e+00
6.806858777999877930e-01,6.727078914642333984e+00
1.628329038619995117e+00,3.903644800186157227e+00
2.741565942764282227e+00,5.449121594429016113e-01
3.002741336822509766e+00,-2.269230127334594727e+00
-2.045076608657836914e+00,2.601179838180541992e+00
-5.411239862442016602e-01,2.885403394699096680e+00
1.724174499511718750e+00,2.754523754119873047e+00
1.426498889923095703e+00,4.343414306640625000e+00
2.894682168960571289e+00,-1.082051992416381836e+00
2.736873328685760498e-01,2.960087776184082031e+00
-4.781159162521362305e-01,2.511532306671142578e+00
-9.463897347450256348e-01,2.250297546386718750e+00
-1.051510870456695557e-01,2.922129869461059570e+00
-1.259106695652008057e-01,2.632023811340332031e+00
1.167601585388183594e+00,2.535226345062255859e+00
3.804372787475585938e+00,2.910811185836791992e+00
2.918946504592895508e+00,-3.811176300048828125e+00
1.217175722122192383e+00,2.379570007324218750e+00
4.309988498687744141e+00,1.151689434051513672e+01
3.129653930664062500e+00,-3.891252994537353516e+00
-1.532131910324096680e+00,2.929586648941040039e+00
3.173739671707153320e+00,-1.373289108276367188e+00
-1.710173130035400391e+00,2.806882143020629883e+00
2.779506444931030273e+00,-4.444136619567871094e+00
3.229343891143798828e+00,-9.976020455360412598e-01
3.336206197738647461e+00,-2.415513277053833008e+00
3.338498592376708984e+00,-2.942150592803955078e+00
2.447265148162841797e+00,3.621983766555786133e+00
-1.569674015045166016e+00,2.694157838821411133e+00
6.361609935760498047e+00,5.220477104187011719e+00
3.356943726539611816e-01,3.078681230545043945e+00
-2.529948949813842773e+00,3.370150804519653320e+00
-3.912284374237060547e-01,2.616415500640869141e+00
2.993796110153198242e+00,-1.381212949752807617e+00
-2.219270706176757812e+00,2.818168878555297852e+00
2.193420171737670898e+00,5.396652221679687500e+00
3.156407833099365234e+00,-1.235516786575317383e+00
3.073172807693481445e+00,-3.734962463378906250e+00
6.499590873718261719e+00,3.708092212677001953e+00
-9.517398476600646973e-01,2.885141372680664062e+00
4.041487216949462891e+00,1.547415018081665039e+00
-1.027284145355224609e+00,2.649846315383911133e+00
1.117196083068847656e+00,6.660495400428771973e-01
2.850506544113159180e+00,-1.680994272232055664e+00
2.802673101425170898e+00,-3.237701058387756348e-01
3.299536228179931641e+00,-2.963717579841613770e-01
-2.891637325286865234e+00,2.708832263946533203e+00
3.381338596343994141e+00,-2.512556552886962891e+00
3.970111608505249023e+00,-1.177925825119018555e+00
-9.246338009834289551e-01,3.359555721282958984e+00
-1.877576112747192383e-01,2.601879358291625977e+00
3.884639263153076172e+00,4.024681568145751953e+00
8.950732350349426270e-01,4.643515110015869141e+00
-6.725023388862609863e-01,3.231504201889038086e+00
2.844370841979980469e+00,-3.993583202362060547e+00
-1.228581905364990234e+00,2.939152240753173828e+00
3.908344745635986328e+00,1.056884527206420898e-01
2.839780807495117188e+00,-1.418497562408447266e-01
-3.511284351348876953e+00,2.936270236968994141e+00
-2.780411005020141602e+00,2.731437444686889648e+00
2.797748327255249023e+00,-2.122264862060546875e+00
3.292119026184082031e+00,-8.204832077026367188e+00
-1.157355308532714844e+00,2.559984207153320312e+00
-5.379204750061035156e-01,2.149394035339355469e+00
3.278747498989105225e-01,3.168975114822387695e+00
3.304548740386962891e+00,-4.066989898681640625e+00
2.132718414068222046e-01,2.949920415878295898e+00
2.818039178848266602e+00,-1.496815681457519531e+00
-2.599925041198730469e+00,3.336196660995483398e+00
-2.026447534561157227e+00,2.931663990020751953e+00
1.357959032058715820e+00,6.074526309967041016e-01
-3.184673309326171875e+00,2.458423137664794922e+00
-7.850641012191772461e-02,2.360898494720458984e+00
-2.434244871139526367e+00,2.956402540206909180e+00
-1.502656340599060059e-01,2.981922864913940430e+00
-5.069198608398437500e+00,1.831818103790283203e+00
2.799002885818481445e+00,-4.250093460083007812e+00
3.199991941452026367e+00,-4.147987842559814453e+00
-1.116500377655029297e+00,2.486452102661132812e+00
-1.357278347015380859e+00,3.076840877532958984e+00
9.382905364036560059e-01,4.492104053497314453e-01
3.347074270248413086e+00,-1.604936838150024414e+00
-1.734812498092651367e+00,2.937616586685180664e+00
-3.031111478805541992e+00,3.139721870422363281e+00
2.377618789672851562e+00,3.774424791336059570e+00
-8.404595255851745605e-01,3.019373416900634766e+00
-1.855719089508056641e+00,2.850834608078002930e+00
-4.021089076995849609e+00,1.808382868766784668e+00
4.661610722541809082e-01,2.592386007308959961e+00
-6.696678996086120605e-01,2.697357416152954102e+00
2.661069393157958984e+00,2.224123001098632812e+00
3.967010021209716797e+00,-4.168329238891601562e+00
2.906216144561767578e+00,-4.095085859298706055e-01
1.278644561767578125e+00,3.553534984588623047e+00
3.889419317245483398e+00,2.789492368698120117e+00
-9.636655449867248535e-01,2.286885261535644531e+00
-1.499703645706176758e+00,1.859335422515869141e+00
6.235089302062988281e-01,2.599826097488403320e+00
2.060760706663131714e-01,3.458396911621093750e+00
-5.476152896881103516e-01,2.838203191757202148e+00
1.822709083557128906e+00,5.731836318969726562e+00
-1.961937546730041504e-01,2.707034111022949219e+00
7.123622894287109375e-01,2.733042001724243164e+00
2.527108430862426758e+00,1.474637746810913086e+00
-6.131544113159179688e-01,3.200297594070434570e+00
-2.255405664443969727e+00,3.042240619659423828e+00
8.932521939277648926e-02,2.469223737716674805e+00
-7.484121918678283691e-01,2.122848510742187500e+00
1.748516798019409180e+00,6.682323455810546875e+00
2.802811384201049805e+00,-1.071864485740661621e+00
-2.006014347076416016e+00,2.719849348068237305e+00
-3.051411151885986328e+00,2.319328784942626953e+00
2.414689779281616211e+00,1.247645139694213867e+00
-3.796752691268920898e-01,3.198589563369750977e+00
9.434805512428283691e-01,1.107202053070068359e+00
-2.151541471481323242e+00,1.712867140769958496e+00
-1.165703535079956055e+00,2.617482900619506836e+00
7.478424310684204102e-01,4.096029281616210938e+00
2.820220947265625000e+00,-2.299433469772338867e+00
2.784014701843261719e+00,4.632850646972656250e+00
1.453809589147567749e-01,2.589744567871093750e+00
2.792750358581542969e+00,-4.155635237693786621e-01
7.709941267967224121e-01,9.265323638916015625e+00
3.206777572631835938e+00,-3.493669629096984863e-01
1.358600497245788574e+00,7.283232688903808594e+00
-6.942850112915039062e+00,3.616867542266845703e+00
3.960812687873840332e-01,2.351694107055664062e+00
3.078251838684082031e+00,-8.320775628089904785e-01
-3.417099118232727051e-01,3.011841058731079102e+00
-2.641651153564453125e+00,3.575652599334716797e+00
-1.711653947830200195e+00,2.543550968170166016e+00
-9.783672690391540527e-01,2.645308971405029297e+00
3.533090353012084961e+00,-3.678739070892333984e-03
-2.399768590927124023e+00,2.783913373947143555e+00
-1.028191328048706055e+00,2.510639905929565430e+00
-2.128503799438476562e+00,2.442532777786254883e+00
1.098249554634094238e-01,3.123267889022827148e+00
3.200373172760009766e+00,-4.281566143035888672e-01
-1.775062322616577148e+00,2.655918359756469727e+00
-5.544007301330566406e+00,2.983245849609375000e+00
1.143802642822265625e+00,9.904478192329406738e-01
3.190370082855224609e+00,-3.381188631057739258e+00
2.917214870452880859e+00,-2.208528280258178711e+00
2.792646408081054688e+00,-5.850569605827331543e-01
1.849357366561889648e+00,4.557324409484863281e+00
2.939097404479980469e+00,-5.509409904479980469e-01
1.467867374420166016e+00,2.795655012130737305e+00
-3.584749460220336914e+00,3.155136108398437500e+00
-4.463096857070922852e-01,3.563050031661987305e+00
1.266395568847656250e+00,6.279511451721191406e+00
-3.018971443176269531e+00,3.636734485626220703e+00
-1.553627490997314453e+00,3.141508102416992188e+00
-1.126542329788208008e+00,3.018294095993041992e+00
3.454241275787353516e+00,-8.263908028602600098e-01
-8.061410784721374512e-01,2.544301033020019531e+00
2.838078260421752930e+00,-2.278697729110717773e+00
3.011810064315795898e+00,-1.190512657165527344e+00
9.279800653457641602e-01,9.490737318992614746e-01
2.962196826934814453e+00,2.360550642013549805e+00
-3.587790966033935547e+00,1.965674877166748047e+00
-1.134602427482604980e-01,2.947856187820434570e+00
-4.223053932189941406e+00,3.019052267074584961e+00
-6.911559700965881348e-01,3.188288450241088867e+00
1.766928672790527344e+00,1.315247893333435059e+00
-2.453350305557250977e+00,2.365600585937500000e+00
2.863736391067504883e+00,1.696568489074707031e+00
3.042473793029785156e+00,3.075657367706298828e+00
-2.801017045974731445e+00,2.502935886383056641e+00
-1.382448673248291016e-01,2.263052225112915039e+00
3.153813600540161133e+00,-1.634196639060974121e-01
-3.265400171279907227e+00,3.104971647262573242e+00
-2.423617362976074219e+00,2.612518072128295898e+00
3.398113250732421875e+00,-6.142286300659179688e+00
2.868265390396118164e+00,-9.391829371452331543e-02
1.955838680267333984e+00,3.223245859146118164e+00
3.191219806671142578e+00,-4.026277065277099609e+00
-1.722377061843872070e+00,2.269299030303955078e+00
1.925803184509277344e+00,2.268493413925170898e+00
1.050319671630859375e+00,1.124789714813232422e+00
1.106374263763427734e-01,3.310726881027221680e+00
3.715986013412475586e-02,2.205408811569213867e+00
-2.091587305068969727e+00,2.590738296508789062e+00
2.284095287322998047e+00,4.509082436561584473e-01
-1.954180955886840820e+00,2.916501998901367188e+00
-1.063268899917602539e+00,2.228251218795776367e+00
4.567999362945556641e+00,1.478640079498291016e+00
-5.217218399047851562e+00,2.911751508712768555e+00
2.938812255859375000e+00,-7.406876683235168457e-01
2.884939670562744141e+00,-6.971144080162048340e-01
3.505672454833984375e+00,-1.926375031471252441e-01
1.004316210746765137e-01,2.896875143051147461e+00
2.291256189346313477e+00,4.849424362182617188e-01
-8.266367316246032715e-01,2.469552993774414062e+00
3.357982158660888672e+00,-2.193537712097167969e+00
-2.526129007339477539e+00,2.633776426315307617e+00
-3.047380208969116211e+00,2.923195362091064453e+00
7.963207960128784180e-01,5.289258003234863281e+00
3.709424495697021484e+00,3.645546436309814453e-01
-4.550974369049072266e+00,2.973061800003051758e+00
3.624961376190185547e+00,3.947014093399047852e+00
-5.789595842361450195e-01,3.162497520446777344e+00
-1.393102169036865234e+00,2.911979436874389648e+00
-2.216640233993530273e+00,1.928967475891113281e+00
2.859072923660278320e+00,-7.459260821342468262e-01
-1.639852523803710938e+00,3.327223777770996094e+00
2.909715890884399414e+00,-2.644364237785339355e-01
1.719998121261596680e+00,1.097798585891723633e+00
4.382451534271240234e+00,1.332312345504760742e+00
4.784295082092285156e+00,1.980969190597534180e+00
-4.322275161743164062e+00,2.489454984664916992e+00
3.508918285369873047e-01,3.047606468200683594e+00
3.469490408897399902e-01,2.734899520874023438e+00
2.931410789489746094e+00,-3.933852672576904297e+00
-1.229905366897583008e+00,2.676349878311157227e+00
2.976326227188110352e+00,-1.142414808273315430e+00
-6.696705222129821777e-01,2.702005147933959961e+00
1.780251026153564453e+00,2.433992862701416016e+00
-2.429958105087280273e+00,2.258283376693725586e+00
5.882802605628967285e-02,2.492396116256713867e+00
2.686594486236572266e+00,7.894802093505859375e-01
3.374087572097778320e+00,3.342910289764404297e+00
1.918042182922363281e+00,2.478260517120361328e+00
-3.320376634597778320e+00,2.436708688735961914e+00
-2.003127932548522949e-01,2.620726346969604492e+00
-1.746549367904663086e+00,3.235974073410034180e+00
-7.726251125335693359e+00,2.665240049362182617e+00
-1.942461252212524414e+00,2.608715534210205078e+00
6.155782699584960938e+00,1.734447956085205078e+00
-2.043481349945068359e+00,3.453090190887451172e+00
-4.248785495758056641e+00,2.471065044403076172e+00
-1.702662706375122070e+00,2.013962268829345703e+00
-2.681378841400146484e+00,2.496245145797729492e+00
-6.207561492919921875e+00,2.380920410156250000e+00
2.976473093032836914e+00,-1.687406539916992188e+00
1.390896558761596680e+00,3.434008598327636719e+00
4.274004101753234863e-01,3.267794847488403320e+00
-5.592200756072998047e+00,2.678158521652221680e+00
-3.897007942199707031e+00,2.923600673675537109e+00
-2.528367280960083008e+00,2.866381883621215820e+00
-7.336816191673278809e-01,2.503673315048217773e+00
-3.348577618598937988e-01,2.495508909225463867e+00
-1.438161134719848633e-01,3.071301221847534180e+00
2.968443155288696289e+00,-1.723079442977905273e+00
1.697613000869750977e-01,2.187304496765136719e+00
-3.063293933868408203e+00,2.934661388397216797e+00
-2.014846801757812500e+00,2.337428569793701172e+00
-2.935435056686401367e+00,2.655879259109497070e+00
1.950681924819946289e+00,5.504638671875000000e+00
1.103850126266479492e+00,2.352618455886840820e+00
-3.111848115921020508e+00,2.586514949798583984e+00
2.013591229915618896e-01,3.210892677307128906e+00
-2.510507822036743164e+00,2.871292829513549805e+00
-1.752704858779907227e+00,2.709297180175781250e+00
-2.199587106704711914e+00,2.746272325515747070e+00
3.864085435867309570e+00,-1.836015701293945312e+00
-2.636388063430786133e+00,2.452192068099975586e+00
2.510514497756958008e+00,4.077047824859619141e+00
2.855740308761596680e+00,-2.351581811904907227e+00
3.721187114715576172e-01,2.669883966445922852e+00
6.482661962509155273e-01,2.216686487197875977e+00
-1.566438198089599609e+00,2.674026012420654297e+00
3.733949899673461914e+00,9.075212478637695312e-01
-1.802691698074340820e+00,2.819834470748901367e+00
6.347849369049072266e-01,4.793280601501464844e+00
-2.895889997482299805e+00,3.093871116638183594e+00
-6.840187907218933105e-01,2.697353601455688477e+00
-3.754199743270874023e-01,2.695821285247802734e+00
2.914026260375976562e+00,-2.070917606353759766e+00
-3.170388460159301758e+00,2.213247537612915039e+00
3.340341091156005859e+00,-8.885095715522766113e-01
2.793176412582397461e+00,-2.439285755157470703e+00
3.134162425994873047e+00,-1.182360172271728516e+00
-5.343062400817871094e+00,2.861726284027099609e+00
6.053036451339721680e-01,2.352790117263793945e+00
-3.786043524742126465e-01,2.881330490112304688e+00
2.975009918212890625e+00,3.988503456115722656e+00
2.469957113265991211e+00,8.676843643188476562e+00
-6.394670009613037109e+00,2.094293832778930664e+00
2.293356955051422119e-01,3.230579137802124023e+00
6.613246917724609375e+00,1.801106214523315430e+00
7.793781757354736328e-01,4.073685646057128906e+00
-1.234876394271850586e+00,3.086411476135253906e+00
-3.213269710540771484e+00,2.720341920852661133e+00
2.927194356918334961e+00,-3.489914894104003906e+00
-5.091316103935241699e-01,2.777189254760742188e+00
-3.664861202239990234e+00,3.021184206008911133e+00
3.131378412246704102e+00,3.865638017654418945e+00
6.027363300323486328e+00,6.852200627326965332e-01
-3.504931926727294922e-02,3.046817779541015625e+00
-1.702994108200073242e+00,2.152193307876586914e+00
-4.483070850372314453e+00,2.974137783050537109e+00
-6.308748245239257812e+00,2.725895881652832031e+00
2.722987532615661621e-02,3.338614463806152344e+00
3.555663347244262695e+00,-2.232926130294799805e+00
2.310046672821044922e+00,2.663347244262695312e+00
5.579783916473388672e-01,2.720586061477661133e+00
-3.452747821807861328e+00,2.762225866317749023e+00
-5.324730873107910156e-01,2.408992528915405273e+00
1.621328592300415039e+00,2.042252063751220703e+00
-2.275272607803344727e-01,2.629745960235595703e+00
-1.331306695938110352e+00,3.018526315689086914e+00
-1.184447526931762695e+00,2.674337625503540039e+00
-7.938075661659240723e-01,3.017855167388916016e+00
-3.470541954040527344e+00,2.681576967239379883e+00
5.715771317481994629e-01,2.938338518142700195e+00
2.864902496337890625e+00,-1.360650300979614258e+00
-5.939950942993164062e-01,2.313982963562011719e+00
-5.216419696807861328e+00,2.688607692718505859e+00
3.664242625236511230e-01,2.296897888183593750e+00
3.456277847290039062e+00,-1.133878231048583984e-01
-3.749419689178466797e+00,3.113735675811767578e+00
5.058728456497192383e-01,2.109103202819824219e+00
-8.865754008293151855e-01,2.732289552688598633e+00
-3.231256484985351562e+00,2.922390937805175781e+00
-1.596694231033325195e+00,3.498964309692382812e+00
5.036973357200622559e-01,2.884625196456909180e+00
3.017945289611816406e+00,-1.110020279884338379e-02
-6.315523386001586914e-01,2.550030469894409180e+00
-3.151071786880493164e+00,2.976233959197998047e+00
-4.823402404785156250e+00,3.105957984924316406e+00
-2.478995561599731445e+00,2.801097154617309570e+00
2.215856552124023438e+00,1.805490493774414062e+00
1.330761194229125977e+00,1.945896625518798828e+00
4.681895673274993896e-01,2.947481632232666016e+00
3.027211427688598633e+00,-2.029603481292724609e+00
2.991143941879272461e+00,2.729611158370971680e+00
3.044953107833862305e+00,-2.145945787429809570e+00
2.837510108947753906e+00,-1.858285427093505859e+00
1.353032588958740234e+00,9.716502428054809570e-01
2.820931911468505859e+00,-4.888507127761840820e-01
-7.222488522529602051e-01,2.797639846801757812e+00
3.191146135330200195e+00,-2.455314397811889648e+00
-4.073689460754394531e+00,2.915989875793457031e+00
3.116552829742431641e+00,-4.281655788421630859e+00
-2.578962326049804688e+00,2.670921564102172852e+00
-1.483480453491210938e+00,2.236397981643676758e+00
2.961181163787841797e+00,-3.470505475997924805e+00
5.354787349700927734e+00,1.607945680618286133e+00
1.115375995635986328e+00,9.095785617828369141e-01
6.644805669784545898e-01,9.833134412765502930e-01
2.012901067733764648e+00,3.949639081954956055e+00
3.112282276153564453e+00,-2.953086376190185547e+00
2.077311754226684570e+00,3.122634172439575195e+00
-1.805204153060913086e+00,2.672050952911376953e+00
2.205236434936523438e+00,2.712401390075683594e+00
3.379286289215087891e+00,-3.730561256408691406e+00
5.656342506408691406e-01,1.867675065994262695e+00
1.827937841415405273e+00,2.220884799957275391e+00
-3.699577808380126953e+00,2.356849193572998047e+00
2.320676326751708984e+00,1.564499616622924805e+00
-1.159532546997070312e+00,2.962535381317138672e+00
-5.349550724029541016e+00,3.041175842285156250e+00
-2.768657803535461426e-01,3.294279813766479492e+00
-2.742571353912353516e+00,1.738501071929931641e+00
6.142937183380126953e+00,4.139519691467285156e+00
2.573858499526977539e+00,8.107491135597229004e-01
-1.458449840545654297e+00,2.095517635345458984e+00
-2.554074287414550781e+00,3.032576322555541992e+00
-1.239852428436279297e+00,2.874431848526000977e+00
-3.003120183944702148e+00,2.692282915115356445e+00
1.960831880569458008e-01,2.936056375503540039e+00
-8.432803750038146973e-01,2.269843816757202148e+00
-3.848585605621337891e+00,2.892062187194824219e+00
-7.078447818756103516e+00,2.727802991867065430e+00
-1.655478477478027344e-01,2.430578947067260742e+00
-5.451155185699462891e+00,2.841057538986206055e+00
-2.684700489044189453e+00,2.946723461151123047e+00
-2.014407396316528320e+00,2.065662622451782227e+00
-1.834950685501098633e+00,2.175305604934692383e+00
2.181040763854980469e+00,2.185876846313476562e+00
1.634791195392608643e-01,2.778724908828735352e+00
4.426330924034118652e-01,2.932135820388793945e+00
1.006632566452026367e+00,3.280982494354248047e+00
-1.053416490554809570e+00,2.452933788299560547e+00
-1.915541291236877441e-01,2.420753002166748047e+00
1.630962371826171875e+00,1.432033538818359375e+00
-3.276259183883666992e+00,2.997739791870117188e+00
4.699339866638183594e+00,1.864738613367080688e-01
2.922785282135009766e+00,-3.458432435989379883e+00
6.685956716537475586e-01,2.795556306838989258e+00
-1.166749715805053711e+00,3.055216789245605469e+00
1.180596828460693359e+00,8.492640256881713867e-01
-5.670035481452941895e-01,2.802563428878784180e+00
1.554697275161743164e+00,1.102306008338928223e+00
-1.763787269592285156e-01,3.092937231063842773e+00
-7.654609084129333496e-01,2.706959247589111328e+00
-2.308552265167236328e+00,2.792732238769531250e+00
2.871182203292846680e+00,-2.904156684875488281e+00
5.536109209060668945e-03,2.610343694686889648e+00
1.631592988967895508e+00,1.934285879135131836e+00
2.108222693204879761e-01,3.149262905120849609e+00
-3.759821414947509766e+00,2.735766649246215820e+00
3.398424983024597168e-01,3.246316432952880859e+00
1.052209138870239258e+00,2.381644248962402344e+00
-2.617202043533325195e+00,2.775225639343261719e+00
-3.434660196304321289e+00,2.733292579650878906e+00
-2.669583320617675781e+00,2.976880073547363281e+00
-1.446509838104248047e+00,2.764407396316528320e+00
2.867166280746459961e+00,-1.412411451339721680e+00
5.095677375793457031e-01,2.843398571014404297e+00
-2.095277905464172363e-01,3.293246746063232422e+00
-2.098034620285034180e+00,2.142114400863647461e+00
4.998456239700317383e-01,3.083796501159667969e+00
3.497440099716186523e+00,-1.287791728973388672e-01
-1.743805646896362305e+00,3.371792554855346680e+00
-1.000172853469848633e+00,2.739094972610473633e+00
-1.121976613998413086e+00,2.463807582855224609e+00
-1.415169000625610352e+00,2.973930597305297852e+00
-9.017176032066345215e-01,2.656494855880737305e+00
2.429624319076538086e+00,3.597373723983764648e+00
-1.345892429351806641e+00,2.694220304489135742e+00
2.049938440322875977e+00,5.809773921966552734e+00
1.170419335365295410e+00,1.812308549880981445e+00
-1.052978754043579102e+00,2.754877805709838867e+00
5.015960335731506348e-02,2.855435848236083984e+00
-2.407751798629760742e+00,3.115395069122314453e+00
3.140204906463623047e+00,-1.031774580478668213e-01
5.410666465759277344e-01,2.250447034835815430e+00
-1.320637464523315430e+00,2.630698442459106445e+00
6.103680133819580078e-01,3.533131837844848633e+00
-5.239010810852050781e+00,2.836801528930664062e+00
-2.728345155715942383e+00,3.175113201141357422e+00
-3.760253906250000000e+00,3.159924030303955078e+00
-8.421232104301452637e-01,2.736557483673095703e+00
-1.040006875991821289e-01,3.000439405441284180e+00
2.047836780548095703e+00,7.951646327972412109e+00
1.543605327606201172e+00,6.159030437469482422e+00
7.299520969390869141e+00,1.181330919265747070e+00
-1.218864440917968750e+00,2.838020324707031250e+00
7.301000356674194336e-01,3.056070327758789062e+00
-3.698559761047363281e+00,2.724988698959350586e+00
1.307316541671752930e+00,4.527063965797424316e-01
1.456253528594970703e+00,1.525223016738891602e+00
2.649923563003540039e+00,3.735680341720581055e+00
2.911015987396240234e+00,-4.140042304992675781e+00
2.920002937316894531e+00,-3.433151245117187500e+00
-5.004571437835693359e+00,3.171689748764038086e+00
-1.115147590637207031e+00,2.692745685577392578e+00
2.987659454345703125e+00,-4.076799750328063965e-02
-1.554305315017700195e+00,2.890264511108398438e+00
1.125403404235839844e+00,3.998630523681640625e+00
5.858479499816894531e+00,2.148456722497940063e-01
2.876696109771728516e+00,-2.167312622070312500e+00
-3.724001884460449219e+00,2.756289958953857422e+00
4.503958702087402344e+00,1.361404180526733398e+00
4.252108573913574219e+00,1.358239531517028809e+00
4.944858551025390625e+00,3.115060806274414062e+00
2.058364152908325195e+00,6.578340053558349609e+00
3.297656774520874023e+00,-4.761838912963867188e-01
4.433677673339843750e+00,3.095322132110595703e+00
-3.539600610733032227e+00,2.734136343002319336e+00
-4.105179309844970703e+00,2.179469823837280273e+00
3.648953676223754883e+00,7.999858260154724121e-02
-1.644993543624877930e+00,3.144172191619873047e+00
4.291384220123291016e+00,9.071836471557617188e-01
-2.636310577392578125e+00,1.968868970870971680e+00
3.501411437988281250e+00,-1.878923177719116211e-01
1.641296863555908203e+00,3.639680862426757812e+00
1.220166206359863281e+00,4.677265167236328125e+00
2.757400512695312500e+00,7.843185901641845703e+00
-1.046476602554321289e+00,1.875547766685485840e+00
-2.256209850311279297e+00,2.021569490432739258e+00
-5.724159479141235352e-01,2.946440219879150391e+00
2.249601840972900391e+00,2.392917156219482422e+00
-2.160060167312622070e+00,2.466338396072387695e+00
2.080439329147338867e+00,5.654412746429443359e+00
1.423583984375000000e+00,2.772393465042114258e+00
-2.637997388839721680e+00,2.277781724929809570e+00
4.178797721862792969e+00,1.719713449478149414e+00
2.216084957122802734e+00,3.381201982498168945e+00
3.014975070953369141e+00,-4.920870065689086914e-02
-3.783701062202453613e-01,2.823316812515258789e+00
3.087671518325805664e+00,-2.843266725540161133e+00
3.334291934967041016e+00,-4.507158279418945312e+00
-3.154606342315673828e+00,2.421384096145629883e+00
6.128542900085449219e+00,1.341957330703735352e+00
2.845254421234130859e+00,-1.366286277770996094e-01
-6.411325931549072266e-02,3.166482925415039062e+00
-2.676643133163452148e+00,2.549482583999633789e+00
-3.146828413009643555e+00,3.115003824234008789e+00
6.842132806777954102e-01,3.398134231567382812e+00
-4.747621059417724609e+00,2.517529010772705078e+00
2.800032854080200195e+00,-4.168468713760375977e-01
2.187205314636230469e+00,4.430320739746093750e+00
4.339801073074340820e-01,2.535145998001098633e+00
2.373507499694824219e+00,3.837157011032104492e+00
-5.261331796646118164e-02,2.613595008850097656e+00
-1.343670129776000977e+00,2.626841783523559570e+00
3.014665365219116211e+00,-2.627336978912353516e+00
-1.645894289016723633e+00,3.021442890167236328e+00
-2.215397596359252930e+00,2.960836887359619141e+00
-1.497651576995849609e+00,2.610986232757568359e+00
3.406186580657958984e+00,-2.636790513992309570e+00
-2.403828501701354980e-02,2.590901374816894531e+00
2.603355884552001953e+00,2.925023555755615234e+00
-5.634350776672363281e+00,2.872441530227661133e+00
-3.078975081443786621e-01,2.223397731781005859e+00
-4.472975134849548340e-01,1.911043882369995117e+00
-4.581018686294555664e-01,2.641313314437866211e+00
2.969364643096923828e+00,1.601126790046691895e-02
3.668631315231323242e+00,7.135064601898193359e+00
-1.658084154129028320e+00,2.087042331695556641e+00
4.084473609924316406e+00,6.351609230041503906e+00
7.507079243659973145e-01,4.674347877502441406e+00
3.258020639419555664e+00,-3.584587574005126953e+00
-4.072911262512207031e+00,2.445473670959472656e+00
3.107537746429443359e+00,-3.968514442443847656e+00
2.949264049530029297e+00,-3.824373245239257812e+00
9.656338691711425781e-01,2.755972862243652344e+00
2.199569940567016602e-01,2.553426027297973633e+00
3.509218215942382812e+00,3.947324037551879883e+00
-2.568053245544433594e+00,2.480345726013183594e+00
3.557738542556762695e+00,1.429222106933593750e+00
-2.635789155960083008e+00,3.029392957687377930e+00
-9.053011536598205566e-01,2.482923746109008789e+00
6.200141906738281250e-01,3.383851766586303711e+00
3.830356359481811523e+00,-9.522994160652160645e-01
2.807623147964477539e+00,-5.711370706558227539e-02
-4.223947048187255859e+00,3.209039688110351562e+00
3.456922292709350586e+00,-2.698110938072204590e-01
-2.552544116973876953e+00,2.423469305038452148e+00
3.045611619949340820e+00,-3.990758657455444336e-01
-9.126775860786437988e-01,3.432617187500000000e+00
2.974483251571655273e+00,-1.193420171737670898e+00
-2.245976686477661133e+00,2.635772705078125000e+00
-3.464719295501708984e+00,3.110120534896850586e+00
1.505001068115234375e+00,2.306832551956176758e+00
2.852755546569824219e+00,-1.904161930084228516e+00
-4.927717208862304688e+00,3.393980741500854492e+00
-7.694296240806579590e-01,2.672068119049072266e+00
-3.560249805450439453e+00,2.718991994857788086e+00
3.200336456298828125e+00,-1.061250686645507812e+00
2.750871181488037109e-01,3.259364604949951172e+00
6.607564449310302734e+00,3.655279397964477539e+00
5.134807229042053223e-01,2.581958770751953125e+00
1.088335156440734863e+00,8.122150897979736328e-01
-1.675119161605834961e+00,2.823228359222412109e+00
1.510616064071655273e+00,3.607451200485229492e+00
1.505832076072692871e-01,3.161188840866088867e+00
5.529417514801025391e+00,4.579783439636230469e+00
9.376169443130493164e-01,4.916489720344543457e-01
8.101999759674072266e-01,1.947510480880737305e+00
-1.748622179031372070e+00,3.096041917800903320e+00
2.064526557922363281e+00,1.160029649734497070e+00
2.923189878463745117e+00,-1.662616968154907227e+00
5.294975638389587402e-01,3.130213737487792969e+00
3.996879458427429199e-01,2.723616838455200195e+00
-1.597083806991577148e+00,2.644322872161865234e+00
-1.988278388977050781e+00,3.177648305892944336e+00
-1.908313989639282227e+00,2.800947666168212891e+00
-1.925896406173706055e+00,3.047334671020507812e+00
9.881274700164794922e-01,8.300509452819824219e-01
3.005758285522460938e+00,-1.080575227737426758e+00
-2.148111820220947266e+00,2.643568038940429688e+00
1.677569150924682617e+00,1.631115674972534180e+00
-1.953603267669677734e+00,2.142830610275268555e+00
-5.955934524536132812e-02,3.063976764678955078e+00
-3.752258419990539551e-02,2.665459156036376953e+00
1.049375152587890625e+01,5.077835559844970703e+00
-1.649827957153320312e+00,2.771494865417480469e+00
1.230394363403320312e+00,2.079872846603393555e+00
-9.109210371971130371e-01,2.797394514083862305e+00
-7.547522187232971191e-01,2.044691085815429688e+00
2.759180366992950439e-01,2.852960109710693359e+00
3.040881752967834473e-01,2.552349567413330078e+00
-5.612337112426757812e+00,3.258769273757934570e+00
-4.200002193450927734e+00,3.142272710800170898e+00
3.383642673492431641e+00,-3.891522407531738281e+00
4.169594287872314453e+00,1.115753412246704102e+00
-5.389171838760375977e-01,2.468946933746337891e+00
3.872995138168334961e+00,1.723840236663818359e+00
-1.070530891418457031e+00,2.757505178451538086e+00
-2.274074316024780273e+00,2.801150798797607422e+00
-1.335612058639526367e+00,3.329268693923950195e+00
9.104638099670410156e-01,3.001941442489624023e+00
-1.071037292480468750e+00,3.335675716400146484e+00
-1.945985078811645508e+00,1.963044166564941406e+00
-3.306646585464477539e+00,2.707641839981079102e+00
2.549273252487182617e+00,1.082250833511352539e+00
2.243790864944458008e+00,1.447484016418457031e+00
4.216649532318115234e+00,8.108389377593994141e-02
1.122143507003784180e+00,3.216369867324829102e+00
-4.677309513092041016e+00,2.448819398880004883e+00
3.038931131362915039e+00,-1.695243835449218750e+00
3.317723512649536133e+00,-5.987200260162353516e+00
-3.842777609825134277e-01,2.813225269317626953e+00
1.881929397583007812e+00,4.671223640441894531e+00
-8.047652840614318848e-01,2.858028650283813477e+00
-1.926805257797241211e+00,2.704923152923583984e+00
6.345991492271423340e-01,3.518505096435546875e+00
-1.725340127944946289e+00,3.149950027465820312e+00
-3.970699787139892578e+00,3.015652179718017578e+00
2.871506690979003906e+00,-2.462669014930725098e-01
-5.066141486167907715e-01,2.062112569808959961e+00
2.890514612197875977e+00,-2.044094085693359375e+00
1.429954022169113159e-01,3.017818450927734375e+00
3.713690042495727539e+00,-1.078873872756958008e+00
3.270090103149414062e+00,-4.199810028076171875e+00
-6.394867897033691406e+00,2.269984722137451172e+00
-3.296787142753601074e-01,3.232301712036132812e+00
6.129789352416992188e-01,2.758612871170043945e+00
-8.436273932456970215e-01,2.849965810775756836e+00
-4.717031478881835938e+00,2.403669118881225586e+00
3.272132158279418945e+00,6.289999485015869141e-01
-1.492112398147583008e+00,2.865034103393554688e+00
1.068770170211791992e+00,9.088616371154785156e-01
-6.271323561668395996e-02,2.990157365798950195e+00
-3.133099079132080078e-01,2.645658254623413086e+00
-5.030667781829833984e+00,2.486573457717895508e+00
2.942970514297485352e+00,-1.686519384384155273e-02
-1.488741397857666016e+00,3.228004932403564453e+00
1.459195911884307861e-01,2.472912311553955078e+00
2.887854337692260742e+00,-7.248434424400329590e-01
2.925527334213256836e+00,-2.169505357742309570e+00
-9.125824570655822754e-01,2.333126544952392578e+00
2.874813795089721680e+00,-3.849694728851318359e+00
3.270138978958129883e+00,-2.362658977508544922e+00
3.329514265060424805e-01,2.428118705749511719e+00
4.307369232177734375e+00,9.985815286636352539e-01
3.513036668300628662e-01,2.709815502166748047e+00
3.407258987426757812e+00,1.004656553268432617e+00
-4.066287517547607422e+00,3.196573257446289062e+00
2.806283235549926758e+00,-4.637046337127685547e+00
-4.239312648773193359e+00,2.345137119293212891e+00
-8.435158133506774902e-01,2.440673351287841797e+00
3.138077020645141602e+00,-1.570801019668579102e+00
2.974957704544067383e+00,-2.925919294357299805e+00
-1.153722405433654785e-02,2.641430616378784180e+00
3.136528968811035156e+00,-1.765194177627563477e+00
3.006192207336425781e+00,-2.281590461730957031e+00
3.645186662673950195e+00,8.677337765693664551e-01
2.820155382156372070e+00,-7.608110308647155762e-01
9.957616925239562988e-01,8.654611110687255859e-01
-7.676526904106140137e-01,1.849853157997131348e+00
-2.954655885696411133e+00,2.324863195419311523e+00
-7.193682789802551270e-01,2.314178705215454102e+00
-2.773802280426025391e+00,2.597878932952880859e+00
1.392090320587158203e+00,3.076089620590209961e+00
3.382626533508300781e+00,3.462335586547851562e+00
1.443356037139892578e+00,1.685350656509399414e+00
3.242551803588867188e+00,-5.653324604034423828e+00
-3.372144103050231934e-01,2.481632471084594727e+00
-4.059785842895507812e+00,2.828430414199829102e+00
1.664064645767211914e+00,5.249438285827636719e-01
-2.342255830764770508e+00,2.741452455520629883e+00
3.482613086700439453e+00,-2.774688243865966797e+00
-1.910195827484130859e+00,2.719942092895507812e+00
1.432782113552093506e-01,2.298051834106445312e+00
1.758335828781127930e+00,1.113743543624877930e+00
-3.052760362625122070e+00,2.994545459747314453e+00
-2.277770638465881348e-01,2.949561357498168945e+00
-3.802717208862304688e+00,2.461842775344848633e+00
9.413737654685974121e-01,1.854280948638916016e+00
-2.441648721694946289e+00,2.012593030929565430e+00
2.811835289001464844e+00,-4.103469371795654297e+00
-8.141288161277770996e-01,1.944722771644592285e+00
3.436870574951171875e+00,-9.147959351539611816e-01
3.688307285308837891e+00,6.224378943443298340e-02
2.744544029235839844e+00,4.904002249240875244e-01
-9.448223710060119629e-01,3.381970882415771484e+00
-3.207696676254272461e-01,3.180470466613769531e+00
1.802579879760742188e+00,4.426734447479248047e+00
2.788856267929077148e+00,-1.607658863067626953e-01
2.913086891174316406e+00,-1.171787977218627930e+00
-1.488153338432312012e-01,2.759524345397949219e+00
1.914435863494873047e+00,4.908014297485351562e+00
2.788504362106323242e+00,-5.594768047332763672e+00
-1.272722244262695312e+00,2.719750165939331055e+00
-2.540646553039550781e+00,2.933898925781250000e+00
-9.130436778068542480e-01,2.663006305694580078e+00
-1.221502542495727539e+00,3.449861049652099609e+00
3.043298721313476562e-01,2.980083227157592773e+00
-2.521471023559570312e+00,2.694695949554443359e+00
3.151771068572998047e+00,-1.405453443527221680e+00
3.792356967926025391e+00,4.468845367431640625e+00
1.521346122026443481e-01,3.019738197326660156e+00
3.025959730148315430e+00,-6.166373491287231445e-01
-2.768549680709838867e+00,2.511835336685180664e+00
4.636618137359619141e+00,8.649256825447082520e-02
-2.789105653762817383e+00,2.225252866744995117e+00
-4.723001480102539062e+00,2.261583328247070312e+00
5.896809577941894531e+00,7.382894754409790039e-01
-9.942451119422912598e-01,3.015626907348632812e+00
4.004777431488037109e+00,2.993692159652709961e-01
3.178740024566650391e+00,-2.048523902893066406e+00
-1.601161241531372070e+00,2.876815557479858398e+00
-2.335010528564453125e+00,2.675606012344360352e+00
3.545585632324218750e+00,3.811478614807128906e-01
3.816078901290893555e+00,6.050961017608642578e+00
-4.291989326477050781e+00,2.314697027206420898e+00
-2.530350685119628906e+00,2.879961490631103516e+00
-1.266071796417236328e+00,1.907387375831604004e+00
3.241214513778686523e+00,-2.205516576766967773e+00
5.852736234664916992e-01,2.777079343795776367e+00
2.109740495681762695e+00,1.166092514991760254e+00
-2.924974679946899414e+00,2.543948411941528320e+00
4.473119974136352539e-01,2.484917402267456055e+00
-9.037253260612487793e-01,2.857119321823120117e+00
-1.538501262664794922e+00,3.053790330886840820e+00
7.670302391052246094e-01,4.344676017761230469e+00
1.088024377822875977e+00,1.430880308151245117e+00
3.048244953155517578e+00,-5.107982158660888672e+00
-6.171594262123107910e-01,2.731921434402465820e+00
2.798282384872436523e+00,-7.604796886444091797e-01
-2.819311141967773438e+00,2.661437273025512695e+00
-1.977693796157836914e+00,3.611614227294921875e+00
-1.454528093338012695e+00,3.200616836547851562e+00
2.179381847381591797e+00,2.594078540802001953e+00
3.366685628890991211e+00,-1.672842025756835938e+00
2.984818935394287109e+00,-3.169928312301635742e+00
7.622245550155639648e-01,3.323103427886962891e+00
-2.422100067138671875e+00,3.404005289077758789e+00
7.836051940917968750e+00,1.027241945266723633e+00
-2.855736970901489258e+00,2.955917596817016602e+00
-1.535773038864135742e+00,3.045359611511230469e+00
3.392646789550781250e+00,3.241174697875976562e+00
2.841633081436157227e+00,-3.151535511016845703e+00
-3.307811617851257324e-01,2.542385578155517578e+00
-4.810981273651123047e+00,2.094666004180908203e+00
3.090063571929931641e+00,-1.581348896026611328e+00
5.835842609405517578e+00,1.603938788175582886e-01
2.881374835968017578e+00,-1.255827188491821289e+00
-2.257978439331054688e+00,2.709588766098022461e+00
3.151578426361083984e+00,-1.374011039733886719e+00
3.181536197662353516e+00,-4.091810703277587891e+00
4.249972820281982422e+00,3.048630475997924805e+00
2.945586204528808594e+00,-4.329721927642822266e+00
-3.729282021522521973e-01,3.196287393569946289e+00
-2.647536754608154297e+00,2.026261091232299805e+00
-3.168177127838134766e+00,2.436715602874755859e+00
-9.307039380073547363e-01,2.265545606613159180e+00
-9.798222184181213379e-01,3.108854770660400391e+00
3.176014661788940430e+00,-1.129406690597534180e+00
-1.047051668167114258e+00,3.285348892211914062e+00
4.657150208950042725e-01,2.394670486450195312e+00
-2.296290636062622070e+00,3.338564395904541016e+00
1.011519193649291992e+00,4.621717453002929688e+00
-2.392166852951049805e-01,2.782776355743408203e+00
6.014878153800964355e-01,2.877952814102172852e+00
-2.838043928146362305e+00,3.298894166946411133e+00
-1.979860067367553711e-01,2.539796352386474609e+00
2.490499317646026611e-01,2.675621271133422852e+00
3.011767864227294922e+00,-2.913631796836853027e-01
-9.261839985847473145e-01,2.578647375106811523e+00
3.368285596370697021e-01,2.552283525466918945e+00
3.258039236068725586e+00,1.046600937843322754e+00
2.195996046066284180e-01,3.017337799072265625e+00
-2.235033273696899414e+00,3.164864063262939453e+00
-1.188319683074951172e+00,2.747465372085571289e+00
-2.684594631195068359e+00,2.197472572326660156e+00
-2.562093734741210938e-01,2.776237487792968750e+00
-2.855142354965209961e+00,2.243362426757812500e+00
3.773252069950103760e-01,2.434623241424560547e+00
3.701066017150878906e+00,-4.922173023223876953e+00
6.388311386108398438e+00,4.919795513153076172e+00
-2.813104987144470215e-01,2.012814760208129883e+00
-1.479972839355468750e+00,1.778372645378112793e+00
-3.289516925811767578e+00,3.436646461486816406e+00
2.645056009292602539e+00,4.205557346343994141e+00
1.455929279327392578e+00,2.221767663955688477e+00
-2.038776636123657227e+00,2.857923984527587891e+00
-9.681583046913146973e-01,2.897974252700805664e+00
-5.621141195297241211e-01,2.886723041534423828e+00
4.094391345977783203e+00,4.925294518470764160e-01
-2.072358131408691406e+00,2.841635704040527344e+00
-1.790066719055175781e+00,2.974623680114746094e+00
-2.564225792884826660e-01,2.502015590667724609e+00
-9.195095896720886230e-01,2.727747678756713867e+00
-8.962374329566955566e-01,2.462755918502807617e+00
2.529339492321014404e-01,2.386278390884399414e+00
1.960909128189086914e+00,1.629237413406372070e+00
-2.947080373764038086e+00,1.786935925483703613e+00
-6.663048267364501953e+00,2.397957324981689453e+00
7.407982945442199707e-01,2.797953605651855469e+00
3.141889572143554688e+00,6.108363866806030273e-01
-9.583427309989929199e-01,3.112831830978393555e+00
-2.683820128440856934e-01,2.283383131027221680e+00
-5.735300183296203613e-01,2.817492485046386719e+00
-1.767527103424072266e+00,2.991861343383789062e+00
-2.318822860717773438e+00,2.708007097244262695e+00
2.746885418891906738e-01,2.165889024734497070e+00
-2.448828935623168945e+00,2.622616767883300781e+00
-2.124920606613159180e+00,2.460803031921386719e+00
3.354623794555664062e+00,5.650364875793457031e+00
-2.918537855148315430e+00,2.706928730010986328e+00
2.939627647399902344e+00,-3.552569389343261719e+00
9.447661042213439941e-02,2.696270227432250977e+00
8.253685235977172852e-01,3.551955699920654297e+00
-5.104657411575317383e-01,2.005032539367675781e+00
-2.363230228424072266e+00,2.645507097244262695e+00
-3.449425935745239258e+00,2.522723436355590820e+00
-3.955607414245605469e-01,2.844945907592773438e+00
1.632438898086547852e+00,1.728693008422851562e+00
-1.364701032638549805e+00,2.427049398422241211e+00
2.980722188949584961e+00,-3.652144908905029297e+00
-3.131487965583801270e-01,2.688996315002441406e+00
-3.427463769912719727e-02,3.116266012191772461e+00
3.850271999835968018e-01,2.552002429962158203e+00
3.555058717727661133e+00,-2.110997915267944336e+00
1.755465269088745117e+00,1.812922716140747070e+00
-2.239349842071533203e+00,2.675738334655761719e+00
2.940471649169921875e+00,5.733361840248107910e-02
-1.216254949569702148e+00,2.762957572937011719e+00
2.968547344207763672e+00,-5.827330350875854492e-01
5.181985855102539062e+00,2.909202337265014648e+00
2.259254455566406250e+00,5.546579837799072266e+00
3.012153506278991699e-01,2.949721813201904297e+00
-3.823850154876708984e-01,2.722131490707397461e+00
3.522081375122070312e+00,7.417782545089721680e-01
-1.601891994476318359e+00,2.477584123611450195e+00
-9.326785206794738770e-01,2.614762544631958008e+00
6.997452974319458008e-01,5.397491455078125000e+00
3.177622318267822266e+00,1.693277597427368164e+00
-2.150608777999877930e+00,2.506825208663940430e+00
2.986837387084960938e+00,-2.156543493270874023e+00
8.416217565536499023e-01,9.978936314582824707e-01
-3.403135538101196289e+00,1.656792402267456055e+00
2.081349492073059082e-01,2.913276672363281250e+00
-3.843311786651611328e+00,2.901030302047729492e+00
3.333678245544433594e+00,-4.886152148246765137e-01
-4.382185339927673340e-01,2.587005615234375000e+00
5.932623147964477539e-01,2.514941453933715820e+00
1.397035866975784302e-01,3.199060916900634766e+00
2.982973814010620117e+00,-1.858063340187072754e-01
3.143917083740234375e+00,-8.432847857475280762e-01
2.951440572738647461e+00,-3.659300327301025391e+00
3.355175495147705078e+00,-3.672274351119995117e-01
3.121239185333251953e+00,-4.181218624114990234e+00
3.238376140594482422e+00,-1.554818868637084961e+00
-2.027716875076293945e+00,2.501403808593750000e+00
-1.905301809310913086e+00,2.043057441711425781e+00
2.893591165542602539e+00,3.248113393783569336e-02
-3.272895812988281250e-01,2.835005283355712891e+00
-1.917000532150268555e+00,3.009592771530151367e+00
-1.546405315399169922e+00,2.646429777145385742e+00
-3.857895135879516602e-01,2.932740926742553711e+00
2.827437162399291992e+00,-1.184812307357788086e+00
4.952168464660644531e+00,7.803589105606079102e-02
-1.245338678359985352e+00,2.289416313171386719e+00
1.906620979309082031e+00,4.779206275939941406e+00
1.922902464866638184e-01,2.489391088485717773e+00
3.037505388259887695e+00,-4.088862538337707520e-01
2.010531663894653320e+00,5.689660906791687012e-01
-1.807757616043090820e+00,2.682493209838867188e+00
-3.797781944274902344e+00,2.578034639358520508e+00
-4.168251991271972656e+00,3.118142843246459961e+00
2.177432298660278320e+00,2.772738933563232422e+00
2.890122652053833008e+00,-1.386006593704223633e+00
-8.305864930152893066e-01,2.599597930908203125e+00
-2.332865953445434570e+00,2.416454553604125977e+00
-5.015406608581542969e-01,2.604178667068481445e+00
2.869925737380981445e+00,-3.565762519836425781e+00
-2.838688135147094727e+00,2.411881923675537109e+00
2.885158300399780273e+00,-1.863574028015136719e+00
3.115072011947631836e+00,4.002907276153564453e+00
8.520998954772949219e-01,4.510087668895721436e-01
-1.018743515014648438e+00,2.730207681655883789e+00
-2.502649784088134766e+00,2.642434358596801758e+00
3.075833797454833984e+00,-6.743503093719482422e+00
9.229388833045959473e-02,3.035281658172607422e+00
-4.790822863578796387e-01,3.001887798309326172e+00
-1.919831037521362305e+00,3.379074096679687500e+00
2.789051771163940430e+00,-1.103431284427642822e-01
1.241448402404785156e+00,5.476433277130126953e+00
3.101819276809692383e+00,2.735020399093627930e+00
-1.508145332336425781e+00,2.279276371002197266e+00
2.628012895584106445e+00,1.928845643997192383e+00
1.087721943855285645e+00,3.157956361770629883e+00
-6.378621459007263184e-01,2.996811389923095703e+00
1.236732721328735352e+00,4.535191059112548828e+00
2.592160463333129883e+00,3.768862485885620117e+00
-8.745116591453552246e-01,2.318835973739624023e+00
4.849878847599029541e-01,2.900459527969360352e+00
-2.175188064575195312e+00,2.481756925582885742e+00
-3.101582288742065430e+00,2.473313570022583008e+00
-1.709726452827453613e-01,3.522108316421508789e+00
2.458491921424865723e-01,2.290945291519165039e+00
-1.241611719131469727e+00,2.992608547210693359e+00
-2.858678579330444336e+00,2.415858983993530273e+00
2.940893888473510742e+00,-2.324460744857788086e+00
-3.209055066108703613e-01,2.737766742706298828e+00
4.871325016021728516e+00,1.587980747222900391e+00
2.810992717742919922e+00,-5.800112247467041016e+00
3.406641483306884766e+00,9.479913115501403809e-01
2.831870079040527344e+00,-1.602225303649902344e+00
-2.614207029342651367e+00,2.329718112945556641e+00
4.926997661590576172e+00,1.175205707550048828e+00
3.001735687255859375e+00,3.477990627288818359e-03
8.859031200408935547e-01,4.203066825866699219e+00
1.893623828887939453e+00,2.595402479171752930e+00
-2.744073867797851562e+00,2.771616458892822266e+00
-8.012509942054748535e-01,2.249990940093994141e+00
2.845880031585693359e+00,-1.501975059509277344e-01
1.050508618354797363e+00,4.048923969268798828e+00
3.717262148857116699e-01,2.343531370162963867e+00
-2.210356235504150391e+00,2.976561069488525391e+00
1.840265840291976929e-01,3.115787506103515625e+00
-1.141687631607055664e+00,2.199473381042480469e+00
-1.700107336044311523e+00,2.534417390823364258e+00
-2.185763835906982422e+00,2.944677352905273438e+00
-2.293401360511779785e-01,2.724231719970703125e+00
5.750801563262939453e+00,4.522714138031005859e+00
-4.799397468566894531e+00,2.863403320312500000e+00
1.945898294448852539e+00,4.238438010215759277e-01
2.872667789459228516e+00,-1.742328405380249023e+00
-3.018796443939208984e+00,2.741584539413452148e+00
2.957759141921997070e+00,-2.576424360275268555e+00
1.853211641311645508e+00,3.984224081039428711e+00
2.527059316635131836e-01,2.512174367904663086e+00
2.973849773406982422e+00,-2.676143407821655273e+00
2.241884917020797729e-01,2.998533248901367188e+00
-1.700809955596923828e+00,2.409456968307495117e+00
-1.737698554992675781e+00,2.428079366683959961e+00
-1.119750738143920898e+00,2.617828130722045898e+00
3.378829717636108398e+00,-1.548276901245117188e+00
-5.365114808082580566e-01,2.491867780685424805e+00
-3.164425611495971680e+00,2.984508752822875977e+00
3.337297439575195312e+00,-5.699329376220703125e-01
5.827394127845764160e-01,2.872724533081054688e+00
3.100505352020263672e+00,-8.214830756187438965e-01
3.062282562255859375e+00,1.481385946273803711e+00
3.104703426361083984e+00,-1.500046491622924805e+00
-2.224987268447875977e+00,2.985766887664794922e+00
-1.720407247543334961e+00,2.231806278228759766e+00
2.895053863525390625e+00,-8.023092150688171387e-01
4.671636521816253662e-01,2.764977216720581055e+00
2.937758445739746094e+00,-2.588986754417419434e-01
1.560693979263305664e+00,1.403681993484497070e+00
5.033090591430664062e+00,3.572205901145935059e-01
-5.222016811370849609e+00,2.132642269134521484e+00
-2.987342476844787598e-01,2.829670190811157227e+00
3.586967706680297852e+00,2.192281246185302734e+00
-2.360119104385375977e+00,2.893246650695800781e+00
2.644856452941894531e+00,2.644071102142333984e+00
-1.791058301925659180e+00,2.585047006607055664e+00
6.241767406463623047e+00,1.223504900932312012e+00
8.787413597106933594e+00,4.008283019065856934e-01
3.013770103454589844e+00,-1.524522781372070312e+00
-2.525616645812988281e+00,2.805971384048461914e+00
4.038930237293243408e-01,2.562413454055786133e+00
1.162138879299163818e-01,2.404894113540649414e+00
2.203608900308609009e-01,2.423048019409179688e+00
-2.650496959686279297e+00,2.797404050827026367e+00
-6.091898083686828613e-01,2.931101560592651367e+00
2.489650726318359375e+00,3.891587734222412109e+00
-1.791053771972656250e+00,2.297863960266113281e+00
5.017942190170288086e-01,2.869241237640380859e+00
4.511735737323760986e-01,2.695160865783691406e+00
-1.181282281875610352e+00,2.275003433227539062e+00
3.409460306167602539e+00,1.946177780628204346e-01
8.826646804809570312e-01,2.621140241622924805e+00
-1.538627862930297852e+00,3.008096933364868164e+00
-2.629064083099365234e+00,2.764985561370849609e+00
3.389460563659667969e+00,-2.527904510498046875e-02
-4.287271022796630859e+00,2.851357936859130859e+00
-8.893694281578063965e-01,1.926199793815612793e+00
1.827495813369750977e+00,1.948938131332397461e+00
-3.233881711959838867e+00,2.234640598297119141e+00
-1.058665513992309570e+00,2.238508462905883789e+00
-2.605259656906127930e+00,2.091619729995727539e+00
-1.461459875106811523e+00,2.904172182083129883e+00
3.269237995147705078e+00,-1.114782333374023438e+00
-3.260069608688354492e+00,2.892836570739746094e+00
1.684572696685791016e+00,1.548698425292968750e+00
-1.625900268554687500e+00,2.884927988052368164e+00
2.837697744369506836e+00,-3.186163902282714844e+00
-1.373461008071899414e+00,2.552699089050292969e+00
2.468714475631713867e+00,3.852209329605102539e+00
-9.415535330772399902e-01,3.168811321258544922e+00
-8.214924931526184082e-01,2.855127573013305664e+00
-5.029699802398681641e-01,2.346348285675048828e+00
-2.892150163650512695e+00,2.796751260757446289e+00
5.248401165008544922e+00,1.480392694473266602e+00
3.206849575042724609e+00,-2.452412605285644531e+00
9.781183004379272461e-01,9.600937962532043457e-01
-2.148541927337646484e+00,2.845109939575195312e+00
-3.561849832534790039e+00,2.374114990234375000e+00
-7.935871481895446777e-01,1.978548526763916016e+00
5.117613077163696289e-01,2.628668785095214844e+00
-3.718281269073486328e+00,2.932568073272705078e+00
-3.400089979171752930e+00,3.130863904953002930e+00
3.996356010437011719e+00,2.302888393402099609e+00
-1.750860214233398438e+00,2.190007686614990234e+00
-3.850250244140625000e+00,2.802396297454833984e+00
7.102847099304199219e-01,5.577883720397949219e+00
-2.985731363296508789e+00,2.325779199600219727e+00
1.529888957738876343e-01,2.032593965530395508e+00
-4.277604579925537109e+00,3.109566211700439453e+00
1.230425953865051270e+00,1.370369672775268555e+00
4.506307244300842285e-01,2.141785621643066406e+00
-2.657597541809082031e+00,3.704047679901123047e+00
-2.160296440124511719e+00,2.629345417022705078e+00
2.773223161697387695e+00,9.243904352188110352e-01
-2.505271196365356445e+00,1.910391569137573242e+00
6.413370370864868164e-01,1.524580240249633789e+00
-7.597573399543762207e-01,2.927436113357543945e+00
-2.306464910507202148e+00,3.057079553604125977e+00
6.814783811569213867e-02,2.029269695281982422e+00
-2.960695743560791016e+00,2.617049455642700195e+00
3.063194513320922852e+00,2.512389183044433594e+00
3.106006622314453125e+00,-3.563837528228759766e+00
-9.850406050682067871e-01,2.068279266357421875e+00
3.190574169158935547e+00,5.205061435699462891e-01
-1.561374425888061523e+00,2.920912981033325195e+00
3.284125804901123047e+00,-5.519738197326660156e-01
3.259313106536865234e+00,-5.057168602943420410e-01
-5.628637313842773438e+00,3.088541746139526367e+00
1.288008093833923340e+00,7.952620983123779297e-01
3.571281194686889648e+00,-1.587054133415222168e-01
-7.125397324562072754e-01,2.411685943603515625e+00
-2.089432239532470703e+00,2.862622737884521484e+00
-1.654660105705261230e-01,2.430454254150390625e+00
-2.378791332244873047e+00,2.359420299530029297e+00
2.292195796966552734e+00,4.102772712707519531e+00
4.488778114318847656e+00,1.508630514144897461e+00
-2.593957662582397461e+00,2.783221244812011719e+00
4.781016349792480469e+00,1.941676884889602661e-01
1.304766058921813965e+00,1.760868310928344727e+00
2.954919099807739258e+00,-2.146799325942993164e+00
2.534869432449340820e+00,3.942368924617767334e-01
1.387362480163574219e-01,2.159046649932861328e+00
3.309731721878051758e+00,1.949603796005249023e+00
3.236668586730957031e+00,-2.653187274932861328e+00
1.540325403213500977e+00,5.148809432983398438e+00
-2.359496355056762695e+00,2.554635524749755859e+00
-2.824001312255859375e-01,2.855832576751708984e+00
7.126483440399169922e+00,1.453418016433715820e+00
4.100265502929687500e+00,1.515807658433914185e-01
2.751077115535736084e-01,3.142595052719116211e+00
-1.535727739334106445e+00,2.769484519958496094e+00
1.934139430522918701e-01,2.264059305191040039e+00
1.372239828109741211e+00,1.441877603530883789e+00
-2.841691017150878906e+00,2.566044807434082031e+00
2.036825865507125854e-01,2.260394811630249023e+00
-1.658982753753662109e+00,3.048089504241943359e+00
7.500828504562377930e-01,7.102794647216796875e+00
-7.454804778099060059e-01,2.700805664062500000e+00
1.973975598812103271e-01,2.434073925018310547e+00
-1.477283716201782227e+00,2.534080743789672852e+00
-7.203711032867431641e+00,3.080997228622436523e+00
5.210500240325927734e+00,2.789587497711181641e+00
-1.245501041412353516e+00,2.354696273803710938e+00
-2.098653316497802734e+00,2.121003866195678711e+00
2.545362472534179688e+00,5.798639774322509766e+00
7.382847785949707031e+00,8.293771743774414062e-02
2.184693336486816406e+00,1.582619428634643555e+00
2.886803627014160156e+00,-1.460190057754516602e+00
3.217163562774658203e+00,-2.950968265533447266e+00
-1.724801540374755859e+00,2.421896457672119141e+00
2.579973697662353516e+00,3.402002751827239990e-01
1.644111871719360352e+00,1.343273043632507324e+00
-1.976491212844848633e-01,2.352401733398437500e+00
-6.022316813468933105e-01,2.840517044067382812e+00
-4.977005004882812500e+00,2.992429256439208984e+00
3.404965400695800781e+00,-2.236193895339965820e+00
2.920187473297119141e+00,2.829445600509643555e-01
2.094370365142822266e+00,4.158845841884613037e-01
7.117113113403320312e+00,1.227820217609405518e-01
1.483950614929199219e+00,3.096435070037841797e+00
-2.642778635025024414e+00,3.195327043533325195e+00
-3.609049320220947266e-02,3.463277101516723633e+00
2.904906272888183594e+00,-9.145039916038513184e-01
2.796117067337036133e+00,-2.465529441833496094e+00
3.043500423431396484e+00,-1.660740613937377930e+00
2.898139059543609619e-01,2.824778556823730469e+00
3.205096721649169922e+00,-2.363496065139770508e+00
2.078668594360351562e+00,5.951292514801025391e-01
2.809746503829956055e+00,-1.867779254913330078e+00
-6.201879978179931641e-01,2.708153009414672852e+00
2.736026525497436523e+00,1.461805582046508789e+00
-5.709724426269531250e-01,3.047487258911132812e+00
-8.637072443962097168e-01,3.233429193496704102e+00
2.444156169891357422e+00,8.875736594200134277e-01
-1.110246419906616211e+00,2.328177928924560547e+00
4.942201614379882812e+00,6.771941661834716797e+00
-5.184194445610046387e-01,2.449944257736206055e+00
3.221063137054443359e+00,-4.492245674133300781e+00
2.793530941009521484e+00,-4.149967670440673828e+00
-4.265886783599853516e+00,2.492315530776977539e+00
1.304455280303955078e+00,1.455553770065307617e+00
-1.374433636665344238e-01,2.866657018661499023e+00
2.372107028961181641e+00,1.852046966552734375e+00
3.170234680175781250e+00,-3.115972518920898438e+00
1.026908874511718750e+00,2.641839742660522461e+00
-3.273218154907226562e+00,2.723392248153686523e+00
-2.617661237716674805e+00,2.894157171249389648e+00
3.397743403911590576e-01,2.413582563400268555e+00
-3.813129425048828125e+00,2.842833280563354492e+00
3.459847927093505859e+00,4.412359237670898438e+00
3.216861009597778320e+00,4.501900076866149902e-02
3.146389722824096680e+00,-2.559576272964477539e+00
7.909846305847167969e-01,4.078043460845947266e+00
2.046881914138793945e+00,1.853772640228271484e+00
5.426914691925048828e+00,1.727140188217163086e+00
2.839284658432006836e+00,-5.888793468475341797e-01
3.677059412002563477e+00,3.372622489929199219e+00
3.006373882293701172e+00,-2.690232515335083008e+00
-2.802879571914672852e+00,2.413960218429565430e+00
4.002248287200927734e+00,2.241091430187225342e-01
-3.348374962806701660e-01,2.207153320312500000e+00
4.273023903369903564e-01,2.930043697357177734e+00
2.749970853328704834e-01,3.233585834503173828e+00
8.572443723678588867e-01,8.658039569854736328e-01
-2.768234014511108398e+00,2.385987520217895508e+00
8.439430594444274902e-01,2.571863174438476562e+00
-8.292741179466247559e-01,2.258965969085693359e+00
-1.226165056228637695e+00,2.922162771224975586e+00
-3.699850559234619141e+00,2.754076004028320312e+00
-2.647926568984985352e+00,2.256882429122924805e+00
-9.503160119056701660e-01,2.674549341201782227e+00
-2.874263525009155273e-01,2.957345247268676758e+00
5.266921043395996094e+00,1.291348934173583984e+00
2.443476766347885132e-01,3.189246177673339844e+00
2.666856050491333008e-01,2.243458986282348633e+00
2.826247930526733398e+00,-3.456607103347778320e+00
-1.335814595222473145e-02,2.421420097351074219e+00
5.601809024810791016e-01,2.069716930389404297e+00
-2.299926519393920898e+00,2.568012952804565430e+00
1.589095830917358398e+00,4.167242646217346191e-01
2.295020222663879395e-01,3.380352497100830078e+00
-7.943571567535400391e+00,2.082155466079711914e+00
-2.236406326293945312e+00,3.012711286544799805e+00
2.238953262567520142e-01,3.019734621047973633e+00
6.117706894874572754e-01,2.994355440139770508e+00
3.079950809478759766e+00,-6.610243916511535645e-01
-2.657021284103393555e+00,3.135304450988769531e+00
-1.966792345046997070e+00,2.874557018280029297e+00
1.357762336730957031e+00,3.326120615005493164e+00
3.973902761936187744e-01,2.306105136871337891e+00
3.959007561206817627e-01,2.603807449340820312e+00
2.149598360061645508e+00,5.348821282386779785e-01
-3.156628012657165527e-01,2.463072299957275391e+00
3.087870836257934570e+00,2.524147033691406250e-01
-4.023569226264953613e-01,2.540657997131347656e+00
3.075092792510986328e+00,-2.748180031776428223e-01
-4.716176033020019531e+00,2.838818550109863281e+00
-1.053478002548217773e+00,3.060593366622924805e+00
-2.061890125274658203e+00,2.667301177978515625e+00
3.839072704315185547e+00,2.555041313171386719e-01
2.974687099456787109e+00,-1.156657934188842773e-02
3.041735410690307617e+00,-1.821211814880371094e+00
3.828257322311401367e-03,3.035528659820556641e+00
2.848328828811645508e+00,-1.924890995025634766e+00
-2.649685740470886230e-02,2.747756958007812500e+00
4.218931674957275391e+00,6.133475780487060547e+00
-1.332111835479736328e+00,2.167716026306152344e+00
-2.115487098693847656e+00,2.468805789947509766e+00
-2.832393407821655273e+00,2.336881637573242188e+00
-4.168580770492553711e-01,2.937938928604125977e+00
-2.775460243225097656e+00,2.797188520431518555e+00
-2.423511981964111328e+00,2.954406261444091797e+00
-4.492443561553955078e+00,2.063583612442016602e+00
-7.940860390663146973e-01,2.381657600402832031e+00
-3.338274240493774414e+00,2.235796928405761719e+00
2.645300626754760742e-01,2.509484291076660156e+00
-8.614316582679748535e-02,3.370615959167480469e+00
6.423856019973754883e-01,1.118371605873107910e+00
-3.346181392669677734e+00,2.800854682922363281e+00
3.215189933776855469e+00,-1.584099531173706055e-01
1.854161471128463745e-01,3.186985731124877930e+00
3.380908489227294922e+00,-2.935402393341064453e+00
3.121258735656738281e+00,-5.233228206634521484e+00
1.906593322753906250e+00,4.189333438873291016e+00
2.880762100219726562e+00,-1.208281755447387695e+00
2.786758661270141602e+00,-6.750057339668273926e-01
6.617248058319091797e-01,3.135581731796264648e+00
4.088005065917968750e+00,1.451350450515747070e+00
-1.436100959777832031e+00,2.810103654861450195e+00
3.466920852661132812e-01,2.200271129608154297e+00
-2.498385429382324219e+00,3.055421352386474609e+00
-1.447729110717773438e+00,3.048787593841552734e+00
-7.324720382690429688e+00,2.293963193893432617e+00
-1.670359611511230469e+00,2.718878507614135742e+00
-3.220516204833984375e+00,2.989232301712036133e+00
2.890518426895141602e+00,-9.175817370414733887e-01
3.143451213836669922e+00,5.871874809265136719e+00
4.594941735267639160e-01,3.338957309722900391e+00
-3.380253314971923828e-01,2.787725925445556641e+00
6.189556121826171875e-01,2.181674242019653320e+00
1.259295463562011719e+00,3.979930579662322998e-01
5.787657737731933594e+00,2.808999061584472656e+00
2.410537719726562500e+00,1.558295488357543945e+00
2.023540973663330078e+00,4.572603702545166016e+00
-1.204265594482421875e+00,3.532153844833374023e+00
3.143763303756713867e+00,-2.535046815872192383e+00
1.654689550399780273e+00,1.547707557678222656e+00
2.877398252487182617e+00,-5.719042778015136719e+00
2.652691841125488281e+00,8.415586948394775391e-01
-4.632850289344787598e-01,2.695361375808715820e+00
2.557070255279541016e+00,1.306705713272094727e+00
-1.530832648277282715e-01,2.630172967910766602e+00
-4.881623744964599609e+00,2.322894573211669922e+00
3.649935126304626465e-02,2.736923456192016602e+00
-1.647729635238647461e+00,2.633990764617919922e+00
-6.132152080535888672e-01,2.815430164337158203e+00
4.546367645263671875e+00,4.725834369659423828e+00
-3.007709026336669922e+00,2.575376749038696289e+00
-1.289571285247802734e+00,2.753266096115112305e+00
-1.046244859695434570e+00,3.131928205490112305e+00
1.840590238571166992e-01,3.527692794799804688e+00
-1.645442962646484375e+00,2.189707279205322266e+00
8.044613599777221680e-01,5.511267662048339844e+00
-2.249554634094238281e+00,2.827012300491333008e+00
-1.040907382965087891e+00,3.452724456787109375e+00
-5.760157108306884766e-01,3.098015308380126953e+00
-1.496396064758300781e+00,2.679910421371459961e+00
3.153085947036743164e+00,1.459234714508056641e+00
-1.703856945037841797e+00,2.654604196548461914e+00
2.392821311950683594e+00,3.895650148391723633e+00
-1.151824235916137695e+00,2.427978992462158203e+00
-2.134086608886718750e+00,2.320564270019531250e+00
3.026615679264068604e-01,2.161648750305175781e+00
2.796750068664550781e+00,-2.013822317123413086e+00
2.937038898468017578e+00,-4.365316390991210938e+00
2.841762542724609375e+00,2.809799909591674805e+00
2.752107381820678711e-01,3.382078647613525391e+00
1.571343898773193359e+00,8.158502578735351562e-01
3.103740930557250977e+00,-5.443010926246643066e-01
1.713778972625732422e+00,4.110381603240966797e-01
3.006813764572143555e+00,-8.534894585609436035e-01
2.926862478256225586e+00,-2.396641969680786133e+00
-3.168616771697998047e+00,3.166756153106689453e+00
-1.780705690383911133e+00,2.569772481918334961e+00
-3.194782972335815430e+00,2.402743577957153320e+00
-6.055367588996887207e-01,3.211408615112304688e+00
-3.688611984252929688e+00,2.408381700515747070e+00
-1.030477583408355713e-01,2.580960988998413086e+00
1.292780190706253052e-01,2.488862991333007812e+00
3.146931409835815430e+00,-1.949753761291503906e+00
1.722222805023193359e+00,1.341293334960937500e+00
3.493914842605590820e+00,1.813592910766601562e-01
2.874068021774291992e-01,2.406995773315429688e+00
-1.615065574645996094e+00,2.718600034713745117e+00
-1.815602064132690430e+00,2.168349742889404297e+00
-5.136591196060180664e-02,2.916829347610473633e+00
3.639565467834472656e+00,2.049486875534057617e+00
9.082166552543640137e-01,4.972957134246826172e+00
2.419391870498657227e+00,7.368494272232055664e-01
-1.687581300735473633e+00,3.504191637039184570e+00
3.381186962127685547e+00,-3.080980062484741211e+00
-1.404355525970458984e+00,2.709539175033569336e+00
3.401839017868041992e+00,1.843973875045776367e+00
-3.481117248535156250e+00,3.239490032196044922e+00
2.858664751052856445e+00,3.239888250827789307e-01
2.857756376266479492e+00,4.190492153167724609e+00
2.808786153793334961e+00,-2.130567789077758789e+00
-6.235020756721496582e-01,2.841958761215209961e+00
-1.167396903038024902e-01,3.091688871383666992e+00
-1.079822540283203125e+00,2.731746912002563477e+00
-8.129286170005798340e-01,2.273520231246948242e+00
-2.578844070434570312e+00,2.954770803451538086e+00
-1.858958244323730469e+00,2.356693744659423828e+00
7.101678848266601562e-02,2.265070199966430664e+00
3.116728067398071289e+00,-1.998251438140869141e+00
3.239832639694213867e+00,-1.478986263275146484e+00
-3.651676654815673828e+00,2.794324874877929688e+00
-1.983804464340209961e+00,2.501967191696166992e+00
-1.292741000652313232e-01,2.907655477523803711e+00
2.813888072967529297e+00,-7.370539307594299316e-01
3.246342182159423828e+00,6.721736192703247070e-01
3.709175884723663330e-01,2.843093633651733398e+00
-1.395459890365600586e+00,2.871680021286010742e+00
2.693636655807495117e+00,3.822286367416381836e+00
-2.740910530090332031e+00,2.813005447387695312e+00
-3.039535999298095703e+00,2.966024637222290039e+00
-2.036540746688842773e+00,3.234307289123535156e+00
-7.141739726066589355e-01,2.895580768585205078e+00
-2.586479425430297852e+00,2.271141767501831055e+00
2.964278697967529297e+00,-1.076005077362060547e+01
1.099658310413360596e-01,2.237601757049560547e+00
-2.438223361968994141e+00,2.545684099197387695e+00
-4.089748859405517578e+00,3.027324676513671875e+00
-5.789647102355957031e+00,2.444460391998291016e+00
-4.170667648315429688e+00,3.251792907714843750e+00
-1.272505998611450195e+00,2.872839689254760742e+00
-3.012729167938232422e+00,3.151463747024536133e+00
-2.955391407012939453e-01,3.154022932052612305e+00
-5.456352829933166504e-01,3.127414464950561523e+00
6.489523649215698242e-01,2.506417512893676758e+00
3.266771078109741211e+00,-5.716654658317565918e-01
-3.568186163902282715e-01,3.138836383819580078e+00
2.067963480949401855e-01,3.090151309967041016e+00
-4.543169975280761719e+00,2.805035591125488281e+00
-1.074202299118041992e+00,3.398211717605590820e+00
6.920399665832519531e-01,8.404510498046875000e+00
4.133686065673828125e+00,1.589717119932174683e-01
7.427214145660400391e+00,9.469622373580932617e-02
2.863364696502685547e+00,-6.541418433189392090e-01
3.119339466094970703e+00,-4.331545829772949219e-01
-1.742091655731201172e+00,2.633962631225585938e+00
-2.576174736022949219e+00,2.263365030288696289e+00
-2.851146936416625977e+00,2.671630859375000000e+00
3.356565952301025391e+00,-2.377526521682739258e+00
-4.319069385528564453e-01,2.569832563400268555e+00
8.683162331581115723e-01,2.107535362243652344e+00
6.075802326202392578e+00,2.454852819442749023e+00
-1.914493083953857422e+00,2.588197946548461914e+00
-1.803808212280273438e+00,2.916343688964843750e+00
-2.221919059753417969e+00,2.890578031539916992e+00
-1.387456893920898438e+00,2.250997304916381836e+00
3.617182672023773193e-01,3.161013603210449219e+00
-1.250874996185302734e+00,3.073493957519531250e+00
2.910743713378906250e+00,-5.867024660110473633e-01
2.235772132873535156e+00,4.373776614665985107e-01
3.275650024414062500e+00,-4.540598392486572266e+00
-2.290190219879150391e+00,2.685859918594360352e+00
-4.502072811126708984e+00,2.481598377227783203e+00
-2.776649713516235352e+00,2.672361373901367188e+00
2.949298620223999023e+00,-1.319923877716064453e+00
5.236064434051513672e+00,3.750831365585327148e+00
3.429188489913940430e+00,-1.215713500976562500e+00
-3.198719024658203125e+00,2.990126848220825195e+00
-6.536980271339416504e-01,3.319842100143432617e+00
2.810794115066528320e+00,-4.527180194854736328e-01
3.075243711471557617e+00,-1.809942483901977539e+00
2.820425271987915039e+00,-4.900288105010986328e+00
-1.342257022857666016e+00,2.762374639511108398e+00
3.167878389358520508e+00,3.892223834991455078e+00
7.498383522033691406e-02,2.993515253067016602e+00
-1.649983644485473633e+00,2.845076799392700195e+00
3.322397232055664062e+00,-5.198780298233032227e-01
2.853243827819824219e+00,-1.601481914520263672e+00
