8.989084959030151367e-01,-1.388403892517089844e+00
9.265429973602294922e-01,-5.355122089385986328e-01
1.926368117332458496e+00,-3.300117254257202148e-01
1.039107680320739746e+00,-7.245107293128967285e-01
9.571021795272827148e-01,-6.618675589561462402e-01
1.640933275222778320e+00,-1.056684136390686035e+00
1.145007491111755371e+00,-3.821843266487121582e-01
4.674620628356933594e-01,-1.439399570226669312e-01
-8.253343701362609863e-01,1.632863730192184448e-01
1.057069778442382812e+00,-1.104693770408630371e+00
1.274435371160507202e-01,-1.894294470548629761e-02
5.070764422416687012e-01,-1.575863957405090332e-01
4.603165686130523682e-01,-1.153208136558532715e+00
5.600089430809020996e-01,-7.351417541503906250e-01
1.453535318374633789e+00,-1.541421771049499512e+00
1.267602443695068359e-01,-1.515231609344482422e+00
2.614834308624267578e-01,-1.494215428829193115e-01
1.152346134185791016e+00,-1.130874037742614746e+00
2.087472915649414062e+00,-5.307065248489379883e-01
6.763832271099090576e-02,-5.489089488983154297e-01
-4.120009839534759521e-01,5.394589528441429138e-02
7.234945297241210938e-01,-1.083647608757019043e+00
-5.302316546440124512e-01,1.325806081295013428e-01
6.821439266204833984e-01,-1.026836395263671875e+00
-7.904590666294097900e-02,1.438226252794265747e-01
1.402538657188415527e+00,-4.166966676712036133e-01
1.654537916183471680e-01,-7.156926989555358887e-01
-6.910300254821777344e-01,2.311467528343200684e-01
7.011038064956665039e-01,-6.909563541412353516e-01
1.533327102661132812e+00,-7.754535079002380371e-01
-3.575501143932342529e-01,1.863798499107360840e-01
1.284333348274230957e+00,-8.368077874183654785e-01
6.786254048347473145e-02,-9.802015125751495361e-02
6.102767586708068848e-01,-9.058299660682678223e-01
4.014255106449127197e-01,-1.060315966606140137e+00
1.480990409851074219e+00,-4.769874736666679382e-02
1.331607937812805176e+00,-2.950877547264099121e-01
3.991864919662475586e-01,-4.997425377368927002e-01
6.258845329284667969e-01,-2.618323266506195068e-01
-4.124939143657684326e-01,9.735673666000366211e-02
7.880569696426391602e-01,-8.095307946205139160e-01
9.312419593334197998e-02,-3.004315495491027832e-01
6.349292118102312088e-03,-1.506457328796386719e+00
7.635407447814941406e-01,-1.793006956577301025e-01
1.632753461599349976e-01,-8.434913754463195801e-01
2.003929764032363892e-01,-6.935915946960449219e-01
6.000697612762451172e-01,-7.548000812530517578e-01
4.308389723300933838e-01,-1.036469578742980957e+00
1.786647677421569824e+00,-1.194662600755691528e-01
1.102905631065368652e+00,-8.436741828918457031e-01
1.151312351226806641e+00,-1.563976645469665527e+00
6.463410258293151855e-01,-6.666368842124938965e-01
6.757411956787109375e-01,-4.787420928478240967e-01
6.133750081062316895e-01,-2.353256493806838989e-01
-1.514180064201354980e+00,1.702261865139007568e-01
-2.750451490283012390e-02,8.630855008959770203e-03
6.342549920082092285e-01,-8.793161511421203613e-01
3.146284222602844238e-01,-1.019215464591979980e+00
3.231665492057800293e-01,-1.700462028384208679e-02
3.934452533721923828e-01,-4.138997495174407959e-01
2.344692707061767578e+00,-1.244479298591613770e+00
9.115762114524841309e-01,-1.625434994697570801e+00
1.353378742933273315e-01,-6.330313086509704590e-01
2.231532335281372070e-01,-1.106499414891004562e-02
7.248860597610473633e-02,-1.751995325088500977e+00
-1.546539425849914551e+00,1.053818035870790482e-02
7.561501264572143555e-01,-1.364655196666717529e-01
5.011000633239746094e-01,-4.466379527002573013e-03
1.006105899810791016e+00,-1.727725744247436523e+00
-1.104718446731567383e+00,2.238061130046844482e-01
1.465863287448883057e-01,-3.677364587783813477e-01
-1.174660563468933105e+00,1.455244868993759155e-01
-1.277184724807739258e+00,1.149611920118331909e-01
-1.206399559974670410e+00,1.140337884426116943e-01
1.070021152496337891e+00,-1.749558806419372559e+00
-9.220759570598602295e-02,4.403282701969146729e-02
5.419406294822692871e-01,-2.252130806446075439e-01
8.126000314950942993e-02,-4.857524931430816650e-01
1.747951149940490723e+00,-1.890969514846801758e+00
6.908897161483764648e-01,-7.364348173141479492e-01
6.471465229988098145e-01,-2.012589387595653534e-02
1.744176745414733887e+00,-2.348774075508117676e-01
3.287640810012817383e-01,-6.898279190063476562e-01
1.740581512451171875e+00,-1.011763811111450195e+00
4.638187885284423828e-01,-3.071013689041137695e-01
1.792340129613876343e-01,-9.203204512596130371e-01
5.305588841438293457e-01,-1.447852611541748047e+00
-1.787532210350036621e+00,1.695965379476547241e-01
6.941060423851013184e-01,-1.147259026765823364e-01
4.821599125862121582e-01,-9.693987369537353516e-01
1.769318222999572754e+00,-5.275095105171203613e-01
1.228269338607788086e-01,-4.109876155853271484e-01
7.943967580795288086e-01,-1.883191347122192383e+00
1.755907297134399414e+00,-3.789118528366088867e-01
1.663587242364883423e-01,-4.435666799545288086e-01
1.604466438293457031e+00,-8.076179623603820801e-01
2.139496564865112305e+00,-1.722523212432861328e+00
1.653199434280395508e+00,-1.009366989135742188e+00
2.948971390724182129e-01,-4.381404072046279907e-02
1.089823365211486816e+00,-1.441161274909973145e+00
1.622936606407165527e+00,-9.861475825309753418e-01
1.370757371187210083e-01,-1.166834950447082520e+00
5.584320425987243652e-01,-1.146526932716369629e+00
1.978873461484909058e-01,-1.206787943840026855e+00
2.847365438938140869e-01,-1.042578339576721191e+00
9.597821831703186035e-01,-1.371837377548217773e+00
9.985576868057250977e-01,-1.487794518470764160e-01
9.454006552696228027e-01,-2.159322977066040039e+00
5.604624748229980469e-02,-7.861819267272949219e-01
4.446796476840972900e-01,-2.768895387649536133e+00
4.146287143230438232e-01,-1.183933466672897339e-01
1.525061130523681641e+00,-2.852488160133361816e-01
1.535632371902465820e+00,-5.868632793426513672e-01
1.410219669342041016e+00,-1.487711668014526367e+00
-1.229445859789848328e-01,1.458016335964202881e-01
1.208554148674011230e+00,-1.736973762512207031e+00
1.017415165901184082e+00,-4.042688310146331787e-01
2.184305429458618164e+00,-1.178408339619636536e-01
4.544937238097190857e-02,-9.478231519460678101e-02
1.977068483829498291e-01,-3.091668486595153809e-01
2.873213291168212891e-01,-3.837200999259948730e-01
7.503671199083328247e-02,-4.346759319305419922e-01
1.193836033344268799e-01,-3.633143603801727295e-01
1.534374713897705078e+00,-1.662027537822723389e-01
6.132038831710815430e-01,-5.959755182266235352e-01
1.475895047187805176e+00,-1.266556262969970703e+00
4.201025664806365967e-01,-1.783020257949829102e+00
4.174818992614746094e-01,-6.312139034271240234e-01
-1.361197233200073242e+00,1.792959123849868774e-02
1.767934918403625488e+00,-7.588608264923095703e-01
-1.786248445510864258e+00,4.004896059632301331e-02
-1.039920970797538757e-01,3.707263246178627014e-02
1.229850053787231445e-01,-2.786074161529541016e+00
1.623880714178085327e-01,-1.307949662208557129e+00
7.333523631095886230e-01,-6.093430519104003906e-01
4.494938552379608154e-01,-2.721924066543579102e+00
9.281364828348159790e-02,-1.613905310630798340e+00
6.078618168830871582e-01,-9.374282956123352051e-01
8.190346360206604004e-01,-4.006879925727844238e-01
7.524189949035644531e-01,-1.087571024894714355e+00
1.256287932395935059e+00,-1.217649340629577637e+00
-2.598706483840942383e-01,6.790094077587127686e-02
1.814029812812805176e+00,-1.040223687887191772e-01
1.030944108963012695e+00,-1.441888809204101562e+00
4.047641456127166748e-01,-3.998855054378509521e-01
4.806991815567016602e-01,-9.318185448646545410e-01
-7.744625210762023926e-01,4.904567450284957886e-02
-4.559889137744903564e-01,2.391425222158432007e-01
6.275162100791931152e-01,-1.643642306327819824e+00
-1.493859052658081055e+00,1.388104557991027832e-01
1.442563772201538086e+00,-2.745514512062072754e-01
7.590286135673522949e-01,-2.510401904582977295e-01
1.445647627115249634e-01,-3.982486724853515625e-01
-1.031567811965942383e+00,3.752622008323669434e-02
1.467826485633850098e+00,-9.320248365402221680e-01
1.014804840087890625e+00,-8.596560955047607422e-01
2.309553511440753937e-02,-8.815067410469055176e-01
1.899739354848861694e-01,-7.192597389221191406e-01
1.347082257270812988e-01,-3.498704135417938232e-01
6.935267448425292969e-01,-5.229521393775939941e-01
1.827580690383911133e+00,-2.793146073818206787e-01
7.411715984344482422e-01,-1.047931432723999023e+00
1.707957267761230469e+00,-1.076614379882812500e+00
-1.309233427047729492e+00,2.385534793138504028e-01
2.115924596786499023e+00,-9.932811260223388672e-01
8.906494975090026855e-01,-2.039214611053466797e+00
-6.532569881528615952e-03,8.590041846036911011e-02
3.367034196853637695e-01,-9.041002392768859863e-01
6.595286726951599121e-01,-2.519822120666503906e-01
-4.661085009574890137e-01,1.612053811550140381e-02
-1.353140830993652344e+00,1.173270270228385925e-01
7.981285452842712402e-02,-3.954220116138458252e-01
7.904842495918273926e-01,-2.035734355449676514e-01
6.286525130271911621e-01,-1.288545727729797363e-01
6.192297339439392090e-01,-6.755721569061279297e-01
4.665873944759368896e-01,-5.346636772155761719e-01
1.442120075225830078e+00,-4.730159938335418701e-01
-2.756650149822235107e-01,7.977069169282913208e-02
6.155931949615478516e-01,-1.139681458473205566e+00
6.033536195755004883e-01,-1.177557349205017090e+00
-9.177844524383544922e-01,1.571183907799422741e-03
4.438677430152893066e-01,-5.655854940414428711e-01
-1.703479170799255371e+00,1.671385020017623901e-01
3.014825284481048584e-01,-8.810029625892639160e-01
1.442089676856994629e+00,-7.281873226165771484e-01
1.024759769439697266e+00,-1.936036705970764160e+00
1.666890025138854980e+00,-1.691861152648925781e-01
1.295231342315673828e+00,-8.443449139595031738e-01
-5.578584074974060059e-01,2.344112992286682129e-01
1.816162317991256714e-01,-1.617643594741821289e+00
1.634596943855285645e+00,-8.334941267967224121e-01
1.536082863807678223e+00,-4.015092849731445312e-01
2.631458044052124023e-01,-7.431015372276306152e-01
2.671376429498195648e-02,-8.436928391456604004e-01
1.152088284492492676e+00,-6.117810010910034180e-01
1.665736585855484009e-01,-8.869152069091796875e-01
1.382280230522155762e+00,-1.016747236251831055e+00
3.838041424751281738e-01,-1.000246524810791016e+00
-1.854908317327499390e-01,8.593293279409408569e-02
1.119340732693672180e-01,-9.992974996566772461e-01
2.517124637961387634e-02,-1.109178543090820312e+00
-3.018046319484710693e-01,7.133566588163375854e-02
4.949781000614166260e-01,-2.057234525680541992e+00
2.452488392591476440e-01,-2.066458940505981445e+00
5.397960543632507324e-01,-1.816671371459960938e+00
1.747736334800720215e+00,-2.095161229372024536e-01
1.767233371734619141e+00,-1.367205381393432617e+00
-1.777561455965042114e-01,8.393881469964981079e-02
1.092917680740356445e+00,-6.827757954597473145e-01
1.427939891815185547e+00,-1.215207204222679138e-01
7.666218876838684082e-01,-6.854947805404663086e-01
5.279907584190368652e-01,-6.741731613874435425e-02
3.687996566295623779e-01,-1.171526193618774414e+00
5.637004971504211426e-01,-6.795029044151306152e-01
1.092105388641357422e+00,-9.862663745880126953e-01
1.544973134994506836e+00,-6.380094289779663086e-01
6.361359953880310059e-01,-1.726420164108276367e+00
1.291663169860839844e+00,-8.762925267219543457e-01
5.051564574241638184e-01,-1.859737783670425415e-01
-2.009811401367187500e+00,2.330941557884216309e-01
2.577181756496429443e-01,-9.591043591499328613e-01
1.200395464897155762e+00,-1.278366923332214355e+00
9.086255431175231934e-01,-2.970097362995147705e-01
7.936239242553710938e-01,-4.894204735755920410e-01
1.192766547203063965e+00,-4.335706532001495361e-01
1.562057852745056152e+00,-1.082140088081359863e+00
4.388751089572906494e-01,-4.571987092494964600e-01
3.655058741569519043e-01,-4.605373442173004150e-01
-9.858031868934631348e-01,1.218337938189506531e-01
7.855596542358398438e-01,-3.127242624759674072e-01
1.546220183372497559e-01,-1.231526210904121399e-01
3.610942661762237549e-01,-6.991323828697204590e-01
-8.189398050308227539e-01,1.018998846411705017e-01
-1.666501998901367188e+00,1.744338721036911011e-01
1.412987709045410156e-01,-7.283757925033569336e-01
4.882649183273315430e-01,-7.749471664428710938e-01
5.533719658851623535e-01,-1.291687607765197754e+00
-8.599446415901184082e-01,2.485782140865921974e-03
8.113606274127960205e-02,-6.832501888275146484e-01
1.075408220291137695e+00,-1.273285746574401855e+00
4.707664251327514648e-01,-5.893082022666931152e-01
8.333289027214050293e-01,-7.677677273750305176e-02
9.350253939628601074e-01,-4.761416018009185791e-01
3.342068791389465332e-01,-7.411007583141326904e-02
4.343236386775970459e-01,-1.012334942817687988e+00
7.822598218917846680e-01,-3.374280035495758057e-01
4.883615076541900635e-01,-1.294451475143432617e+00
1.641826987266540527e+00,-7.852137088775634766e-01
8.746761083602905273e-01,-1.921948671340942383e+00
1.558184266090393066e+00,-7.969118654727935791e-03
-1.650488615036010742e+00,6.083712726831436157e-02
5.644760727882385254e-01,-1.110460400581359863e+00
-5.489001870155334473e-01,9.516008198261260986e-03
1.909210562705993652e+00,-1.468328118324279785e+00
5.972580313682556152e-01,-7.822309136390686035e-01
2.007706642150878906e+00,-4.757140278816223145e-01
1.842240840196609497e-01,-2.797022163867950439e-01
4.804331064224243164e-01,-4.460790753364562988e-01
7.932223081588745117e-01,-8.751430511474609375e-01
1.223855376243591309e+00,-7.367756366729736328e-01
3.669661879539489746e-01,-2.869371473789215088e-01
1.435786485671997070e+00,-1.669668704271316528e-01
1.316949844360351562e+00,-1.019918203353881836e+00
-2.380860447883605957e-01,2.975311595946550369e-03
1.143700718879699707e+00,-5.649296641349792480e-01
1.657467603683471680e+00,-4.499381184577941895e-01
4.793274700641632080e-01,-9.918325543403625488e-01
9.660492539405822754e-01,-1.123239636421203613e+00
-7.939650416374206543e-01,2.104514092206954956e-01
-1.024724364280700684e+00,1.468531042337417603e-01
1.233859300613403320e+00,-5.013842880725860596e-02
2.321750670671463013e-01,-5.580459237098693848e-01
5.384934544563293457e-01,-1.035004734992980957e+00
2.331287622451782227e+00,-1.507849216461181641e+00
8.164017200469970703e-01,-7.840735316276550293e-01
3.836343288421630859e-01,-6.290971636772155762e-01
1.011040806770324707e+00,-5.234963893890380859e-01
9.302981495857238770e-01,-3.445768654346466064e-01
9.233852624893188477e-01,-1.487829566001892090e+00
1.560998260974884033e-01,-5.700336098670959473e-01
4.840477108955383301e-01,-7.908948063850402832e-01
3.611967265605926514e-01,-3.171952068805694580e-01
-9.760026931762695312e-01,1.759766787290573120e-01
-5.611662268638610840e-01,1.264024376869201660e-01
1.915305405855178833e-01,-8.961890935897827148e-01
9.958680272102355957e-01,-7.719620466232299805e-01
1.487948417663574219e+00,-1.013634681701660156e+00
-1.310334920883178711e+00,3.529477166011929512e-03
5.358723402023315430e-01,-2.233206182718276978e-01
4.749765992164611816e-02,-1.711398005485534668e+00
6.499759554862976074e-01,-7.847547531127929688e-01
2.030102610588073730e-01,-1.552880048751831055e+00
-8.677384257316589355e-01,1.938617974519729614e-01
9.200853109359741211e-01,-4.827867820858955383e-02
1.909938097000122070e+00,-1.283748745918273926e+00
7.403864264488220215e-01,-6.602466106414794922e-01
1.805445075035095215e+00,-3.435585498809814453e-01
3.584804236888885498e-01,-6.802545785903930664e-01
2.122038602828979492e+00,-1.495579838752746582e+00
1.653934568166732788e-01,-1.693146586418151855e+00
3.953501582145690918e-01,-2.703129500150680542e-02
2.165007144212722778e-01,-1.571438431739807129e+00
8.630274534225463867e-01,-9.711249172687530518e-02
-1.085104793310165405e-01,2.116059213876724243e-01
-1.575687170028686523e+00,2.336117178201675415e-01
2.947911918163299561e-01,-6.980776786804199219e-01
3.789689764380455017e-02,-1.026535034179687500e+00
2.938572168350219727e-01,-2.305072695016860962e-01
1.952998161315917969e+00,-2.222600430250167847e-01
3.289763629436492920e-01,-7.277935743331909180e-01
7.432550191879272461e-01,-3.432425558567047119e-01
-6.279640197753906250e-01,9.458810091018676758e-02
3.199781179428100586e-01,-4.664435237646102905e-02
-2.799706459045410156e-01,4.976978898048400879e-02
3.701094388961791992e-01,-8.252180218696594238e-01
-1.216324687004089355e+00,1.951497793197631836e-01
1.014344021677970886e-01,-1.342189669609069824e+00
2.283558607101440430e+00,-7.675639986991882324e-01
2.581646740436553955e-01,-3.635873552411794662e-03
-7.480785250663757324e-01,1.565003395080566406e-01
-2.891157865524291992e+00,2.191561758518218994e-01
8.406730890274047852e-01,-1.194092154502868652e+00
1.251692771911621094e-01,-1.117866858839988708e-01
1.858243495225906372e-01,-1.401822566986083984e+00
1.189643263816833496e+00,-1.456954479217529297e+00
8.482742309570312500e-02,-1.583549380302429199e+00
3.619169890880584717e-01,-1.709860682487487793e+00
2.851752281188964844e+00,-3.713333606719970703e-01
5.005456805229187012e-01,-8.997906446456909180e-01
6.107451319694519043e-01,-1.799549937248229980e+00
4.623458981513977051e-01,-9.112226366996765137e-01
-5.071699619293212891e-01,1.442802250385284424e-01
4.466977119445800781e-01,-5.373060107231140137e-01
8.350268602371215820e-01,-1.589913964271545410e+00
1.481257200241088867e+00,-2.167883396148681641e+00
2.371562272310256958e-01,-1.871773481369018555e+00
2.922768890857696533e-01,-6.909702420234680176e-01
5.222387313842773438e-01,-3.827522695064544678e-02
4.400231242179870605e-01,-8.350331187248229980e-01
2.840167880058288574e-01,-1.411008238792419434e+00
1.156981468200683594e+00,-8.934476375579833984e-01
1.072037339210510254e+00,-1.002816677093505859e+00
-1.486440420150756836e+00,8.023572713136672974e-02
1.553068637847900391e+00,-9.301243424415588379e-01
8.282356858253479004e-01,-2.697534322738647461e+00
1.850339651107788086e+00,-1.335165023803710938e+00
8.929281830787658691e-01,-3.626309335231781006e-01
7.262411713600158691e-02,-4.480620026588439941e-01
9.167714715003967285e-01,-1.360128164291381836e+00
-1.091081857681274414e+00,1.146638840436935425e-01
1.033543646335601807e-01,-2.369387149810791016e+00
5.465991795063018799e-02,-1.077188134193420410e+00
-1.254854559898376465e+00,5.246044322848320007e-02
5.258691906929016113e-01,-4.992519915103912354e-01
1.552642464637756348e+00,-4.868705570697784424e-01
-4.594131112098693848e-01,1.624358445405960083e-01
1.296636760234832764e-01,-1.368408679962158203e+00
6.249416470527648926e-01,-1.700251936912536621e+00
1.093957543373107910e+00,-6.344243288040161133e-01
8.133274912834167480e-01,-7.534582018852233887e-01
1.411410689353942871e+00,-5.191913247108459473e-01
-4.466677904129028320e-01,4.356739297509193420e-02
-2.181314677000045776e-01,1.494814902544021606e-01
1.856570959091186523e+00,-5.803480744361877441e-01
-1.774367094039916992e+00,8.241876959800720215e-02
4.296330511569976807e-01,-2.309594303369522095e-01
8.025099635124206543e-01,-1.183974027633666992e+00
1.760994553565979004e+00,-5.375656113028526306e-02
1.006343007087707520e+00,-1.214732170104980469e+00
1.068093061447143555e+00,-4.473606050014495850e-01
2.777890264987945557e-01,-8.586543202400207520e-01
-1.053656578063964844e+00,1.706498712301254272e-01
2.086602598428726196e-01,-4.909929335117340088e-01
4.364118874073028564e-01,-9.879318475723266602e-01
2.158942967653274536e-01,-7.150714993476867676e-01
1.130360484123229980e+00,-4.212089180946350098e-01
-2.636496126651763916e-01,2.086454778909683228e-01
4.777743518352508545e-01,-8.662828207015991211e-01
1.786366850137710571e-01,-1.604155778884887695e+00
2.305294752120971680e+00,-4.674340784549713135e-01
3.883086442947387695e-01,-4.257109165191650391e-01
-1.550542593002319336e+00,9.526916593313217163e-02
5.016434788703918457e-01,-3.602540791034698486e-01
-2.195973992347717285e-01,1.572196036577224731e-01
1.569292098283767700e-01,-1.387458205223083496e+00
5.681921243667602539e-01,-1.189247488975524902e+00
-1.083628773689270020e+00,5.019108206033706665e-02
2.378286980092525482e-02,-2.385878711938858032e-01
8.123678565025329590e-01,-1.976861618459224701e-02
-1.578503966331481934e+00,1.681912839412689209e-01
9.862184524536132812e-01,-5.541206002235412598e-01
4.839585125446319580e-01,-8.803817629814147949e-02
1.085238575935363770e+00,-8.615174144506454468e-02
1.512252926826477051e+00,-1.072095036506652832e+00
1.989680379629135132e-01,-6.167882680892944336e-01
4.724651575088500977e-01,-1.453398108482360840e+00
2.771807909011840820e-01,-3.913892507553100586e-01
1.484535574913024902e+00,-1.151239871978759766e+00
1.766693234443664551e+00,-1.946081995964050293e+00
1.127628684043884277e+00,-5.565365552902221680e-01
1.073693275451660156e+00,-1.145652770996093750e+00
1.296740621328353882e-01,-3.577990084886550903e-02
1.218824028968811035e+00,-1.757197976112365723e+00
5.345590710639953613e-01,-6.412351131439208984e-02
8.750515580177307129e-01,-7.852292656898498535e-01
1.441818833351135254e+00,-6.741177439689636230e-01
8.307660222053527832e-01,-5.023639202117919922e-01
-3.485188260674476624e-02,2.923773974180221558e-02
1.065930202603340149e-01,-6.820248365402221680e-01
8.996027112007141113e-01,-4.350855648517608643e-01
7.166185379028320312e-01,-3.291527628898620605e-01
8.563056588172912598e-01,-1.578256011009216309e+00
2.006032317876815796e-01,-6.615234017372131348e-01
9.377371072769165039e-01,-2.332339286804199219e+00
2.429112419486045837e-02,-5.567665696144104004e-01
1.255205750465393066e+00,-1.424678087234497070e+00
-2.436853170394897461e+00,1.501020640134811401e-01
1.166800618171691895e+00,-4.863838553428649902e-01
3.770809769630432129e-01,-1.228662490844726562e+00
-1.254954338073730469e+00,1.154124885797500610e-01
-7.501236796379089355e-01,2.051429748535156250e-01
2.090334445238113403e-01,-3.149426355957984924e-02
1.617893934249877930e+00,-4.206707775592803955e-01
-1.379002213478088379e+00,9.203996509313583374e-03
9.129769802093505859e-01,-1.581676483154296875e+00
1.835207343101501465e+00,-2.484557181596755981e-01
2.047944813966751099e-01,-1.780728697776794434e-01
4.767523109912872314e-01,-2.312927484512329102e+00
8.414578437805175781e-02,-5.054701566696166992e-01
1.743051409721374512e+00,-3.086606740951538086e+00
2.128545045852661133e-01,-1.206676483154296875e+00
6.673719882965087891e-01,-1.124959468841552734e+00
4.846362173557281494e-01,-6.759524345397949219e-01
1.885864377021789551e+00,-7.356480360031127930e-01
4.123219847679138184e-01,-6.435468196868896484e-01
-7.171090841293334961e-01,2.394722402095794678e-01
2.215059399604797363e-01,-6.542978286743164062e-01
-8.687636256217956543e-02,5.219600722193717957e-02
2.089861780405044556e-01,-4.974056780338287354e-01
1.557896375656127930e+00,-9.404927492141723633e-01
8.285459280014038086e-01,-9.773317575454711914e-01
1.061803936958312988e+00,-2.489592790603637695e+00
9.502615332603454590e-01,-8.228121995925903320e-01
1.325126528739929199e+00,-1.440545767545700073e-01
1.226933449506759644e-01,-9.746241569519042969e-02
7.626244425773620605e-01,-3.414057195186614990e-01
2.334275484085083008e+00,-8.797493577003479004e-01
5.117378234863281250e-01,-1.144866585731506348e+00
9.017881155014038086e-01,-8.372754603624343872e-02
7.012461423873901367e-01,-5.197952389717102051e-01
7.943674325942993164e-01,-1.057148575782775879e+00
-5.538159012794494629e-01,1.427505612373352051e-01
1.242150068283081055e+00,-2.198108434677124023e-01
7.983691692352294922e-01,-8.346524238586425781e-01
4.457290843129158020e-02,-1.600329637527465820e+00
7.966124266386032104e-02,-5.781366825103759766e-01
-2.438161075115203857e-01,2.669915929436683655e-02
3.888775110244750977e-01,-1.750606447458267212e-01
1.101614952087402344e+00,-1.927805393934249878e-01
2.244997024536132812e+00,-2.512930154800415039e+00
2.492834329605102539e+00,-9.007834792137145996e-01
1.864121913909912109e+00,-1.519316434860229492e-01
8.591485619544982910e-01,-6.883592605590820312e-01
1.165323019027709961e+00,-1.380080938339233398e+00
1.409982919692993164e+00,-7.682057619094848633e-01
1.023058667778968811e-01,-6.416646242141723633e-01
1.026044249534606934e+00,-2.575223445892333984e+00
6.266534924507141113e-01,-8.856875449419021606e-02
-3.443496823310852051e-01,2.743074297904968262e-02
-1.513875126838684082e-01,4.753191024065017700e-02
2.321952342987060547e+00,-3.738892972469329834e-01
4.693385679274797440e-03,-6.341284513473510742e-01
2.557106018066406250e-01,-7.313612103462219238e-01
-7.790220379829406738e-01,8.559677749872207642e-02
1.183508187532424927e-01,-1.632559597492218018e-01
1.174771428108215332e+00,-9.405664205551147461e-01
8.327800780534744263e-02,-2.563602626323699951e-01
2.944860607385635376e-02,-5.171838402748107910e-01
1.081611394882202148e+00,-1.650752127170562744e-01
3.475589156150817871e-01,-3.829114735126495361e-01
6.099224686622619629e-01,-3.907389640808105469e-01
1.263834442943334579e-02,-2.583439648151397705e-01
1.363688826560974121e+00,-1.042096853256225586e+00
1.516167726367712021e-02,-1.690953737124800682e-03
3.899495005607604980e-01,-7.458658218383789062e-01
-2.843946032226085663e-02,2.009415067732334137e-02
1.303740501403808594e+00,-1.157229952514171600e-02
-1.779429674148559570e+00,1.011902689933776855e-01
1.248547792434692383e+00,-7.367948889732360840e-01
7.115104198455810547e-01,-1.437864661216735840e+00
3.361904323101043701e-01,-8.248216509819030762e-01
1.904446125030517578e+00,-7.696402072906494141e-01
7.693428397178649902e-01,-6.735415458679199219e-01
-5.763974785804748535e-01,4.997368901968002319e-02
5.721889436244964600e-02,-2.742749929428100586e+00
9.524185061454772949e-01,-2.291204333305358887e-01
1.053434610366821289e+00,-6.404088735580444336e-01
1.258077919483184814e-01,-1.229482889175415039e-01
1.385914325714111328e+00,-1.994361400604248047e+00
7.115349769592285156e-01,-5.184749960899353027e-01
3.277274221181869507e-02,-4.116581380367279053e-01
4.567169249057769775e-01,-6.538009047508239746e-01
2.949981212615966797e+00,-6.842990517616271973e-01
-1.020474314689636230e+00,3.923726454377174377e-02
8.108034133911132812e-01,-6.733629703521728516e-01
9.256502985954284668e-01,-8.200011253356933594e-01
3.949427604675292969e-01,-5.325511693954467773e-01
7.649512290954589844e-01,-9.529622793197631836e-01
6.205372810363769531e-01,-1.048240438103675842e-01
6.119187176227569580e-02,-1.759473979473114014e-01
9.593796133995056152e-01,-2.573882937431335449e-01
-8.796607255935668945e-01,5.447392165660858154e-02
-1.304921984672546387e+00,2.035891078412532806e-02
1.192353665828704834e-01,-8.628680109977722168e-01
6.692559123039245605e-01,-5.517926812171936035e-01
-1.906520128250122070e+00,2.208187878131866455e-01
-2.705032527446746826e-01,1.794625818729400635e-01
-8.285567164421081543e-01,1.021267622709274292e-01
6.557038426399230957e-01,-6.353459954261779785e-01
1.106363415718078613e+00,-6.328596174716949463e-02
1.103266358375549316e+00,-1.570298314094543457e+00
1.106546819210052490e-01,-3.319204449653625488e-01
-3.013142943382263184e-01,2.039614915847778320e-01
1.141619801521301270e+00,-1.191347241401672363e+00
9.311441183090209961e-01,-1.643955349922180176e+00
1.139415502548217773e+00,-4.855716824531555176e-01
1.648755311965942383e+00,-1.061933755874633789e+00
1.772708594799041748e-01,-2.212458550930023193e-01
2.122278451919555664e+00,-9.417797923088073730e-01
-1.711591124534606934e+00,1.891563981771469116e-01
-1.121378540992736816e-01,5.277728289365768433e-02
1.044646978378295898e+00,-5.813949108123779297e-01
1.617965579032897949e+00,-9.231866598129272461e-01
1.200951218605041504e+00,-5.227437615394592285e-01
5.834164023399353027e-01,-2.288922309875488281e+00
7.042286396026611328e-01,-1.881156563758850098e-01
2.303766965866088867e+00,-4.723292291164398193e-01
1.451354980468750000e+00,-1.478968024253845215e+00
1.122552275657653809e+00,-9.348274022340774536e-02
2.222862094640731812e-01,-2.828497588634490967e-01
1.489950716495513916e-01,-1.633712649345397949e-02
5.703428760170936584e-02,-1.359951496124267578e+00
1.156691670417785645e+00,-1.168111920356750488e+00
6.834938190877437592e-03,-5.804529190063476562e-01
6.538909673690795898e-01,-1.579245805740356445e+00
7.046989798545837402e-01,-1.591726183891296387e+00
-3.844068944454193115e-01,1.849553734064102173e-01
1.308177262544631958e-01,-6.563100814819335938e-01
3.827373683452606201e-01,-1.308158159255981445e+00
2.271054387092590332e-01,-5.647764205932617188e-01
1.146282553672790527e+00,-4.738706350326538086e-01
6.501004695892333984e-01,-1.472095727920532227e+00
1.439462542533874512e+00,-1.136197671294212341e-01
8.260527998208999634e-02,-2.709932625293731689e-01
1.578767538070678711e+00,-2.228225231170654297e+00
1.807477772235870361e-01,-7.263460010290145874e-02
1.688935041427612305e+00,-3.944408148527145386e-02
1.558781147003173828e+00,-4.684475958347320557e-01
4.483047127723693848e-01,-4.864187240600585938e-01
2.281415760517120361e-01,-7.357169985771179199e-01
2.421372234821319580e-01,-9.986242651939392090e-01
-1.702644467353820801e+00,1.269462704658508301e-01
1.781242132186889648e+00,-9.953140020370483398e-01
7.684031128883361816e-01,-3.870214819908142090e-01
1.509387344121932983e-01,-1.359200596809387207e+00
4.109376072883605957e-01,-1.501234173774719238e+00
2.514799594879150391e+00,-1.531360298395156860e-01
1.053289294242858887e+00,-1.054012417793273926e+00
1.605499267578125000e+00,-2.973264642059803009e-02
9.307028651237487793e-01,-2.072314739227294922e+00
2.058056592941284180e+00,-5.986016988754272461e-01
1.234697580337524414e+00,-1.449737071990966797e+00
3.057061731815338135e-01,-1.264087319374084473e+00
1.487572073936462402e+00,-1.226645350456237793e+00
4.955064654350280762e-01,-1.771430134773254395e+00
-3.407024443149566650e-01,6.941604614257812500e-02
3.009748756885528564e-01,-1.299671888351440430e+00
6.754727959632873535e-01,-1.560501098632812500e+00
3.815036416053771973e-01,-1.094341874122619629e+00
2.004584074020385742e+00,-2.500188164412975311e-02
8.467085361480712891e-01,-1.079310774803161621e-01
6.460153460502624512e-01,-2.178268478019163013e-04
8.357095718383789062e-01,-8.284961432218551636e-02
1.386875391006469727e+00,-5.046148318797349930e-03
6.506620049476623535e-01,-3.627455830574035645e-01
-1.534505039453506470e-01,5.529510974884033203e-02
6.403860449790954590e-02,-1.024902462959289551e+00
2.114119231700897217e-01,-6.459705233573913574e-01
5.430281162261962891e-01,-1.365829110145568848e+00
8.062367439270019531e-01,-1.536301612854003906e+00
4.214785397052764893e-01,-6.920241117477416992e-01
1.066481113433837891e+00,-3.028557896614074707e-01
6.218300461769104004e-01,-1.101936995983123779e-01
5.126743912696838379e-01,-1.036777496337890625e+00
1.031143292784690857e-01,-1.587580442428588867e+00
2.473338395357131958e-01,-2.582649700343608856e-03
6.996487975120544434e-01,-3.251953721046447754e-01
2.504721283912658691e-01,-4.283255040645599365e-01
-9.420360326766967773e-01,2.133700065314769745e-02
4.142479300498962402e-01,-1.066833615303039551e+00
1.449570357799530029e-01,-2.701037824153900146e-01
2.457240670919418335e-01,-1.598131775856018066e+00
1.938977390527725220e-01,-5.422776341438293457e-01
3.629531264305114746e-01,-1.457681059837341309e+00
7.667119503021240234e-01,-2.000755786895751953e+00
1.435136944055557251e-01,-6.813383698463439941e-01
1.342380404472351074e+00,-6.535411477088928223e-01
1.000116825103759766e+00,-7.790607810020446777e-01
9.357055425643920898e-01,-3.533046245574951172e-01
1.041254401206970215e+00,-1.335338115692138672e+00
1.266134142875671387e+00,-8.407180905342102051e-01
6.531907618045806885e-02,-1.477843523025512695e+00
1.168740272521972656e+00,-2.589581906795501709e-02
7.906286716461181641e-01,-1.761152267456054688e+00
1.198718070983886719e+00,-4.850381016731262207e-01
5.037165880203247070e-01,-3.402556777000427246e-01
-1.984897732734680176e+00,1.527738869190216064e-01
1.088451266288757324e+00,-3.112445771694183350e-02
2.570099115371704102e+00,-1.457618623971939087e-01
1.114997148513793945e+00,-1.021007537841796875e+00
2.658902704715728760e-01,-8.330979347229003906e-01
2.742780372500419617e-02,-6.406424641609191895e-01
2.207688689231872559e-01,-6.840831041336059570e-01
9.985069632530212402e-01,-3.031328693032264709e-02
3.574147522449493408e-01,-6.666638851165771484e-01
1.627702951431274414e+00,-3.622625172138214111e-01
7.214568555355072021e-02,-1.159415960311889648e+00
-8.268248438835144043e-01,1.296566892415285110e-02
4.867599904537200928e-01,-1.456748008728027344e+00
8.732340931892395020e-01,-9.757154583930969238e-01
1.253085732460021973e+00,-1.835006713867187500e+00
8.514590263366699219e-01,-8.449413180351257324e-01
-9.299959540367126465e-01,2.275971323251724243e-01
1.685523614287376404e-02,-4.909268766641616821e-02
1.878736615180969238e-01,-9.350523352622985840e-02
3.113233447074890137e-01,-1.256139636039733887e+00
1.524507999420166016e+00,-6.093398928642272949e-01
2.027235180139541626e-01,-2.309322118759155273e+00
-5.048021078109741211e-01,8.857860229909420013e-03
4.324371814727783203e-01,-7.162533402442932129e-01
6.581649780273437500e-01,-4.099299386143684387e-02
-1.771103292703628540e-01,2.249637842178344727e-01
1.215690448880195618e-01,-2.513687610626220703e-01
5.451701283454895020e-01,-1.653551757335662842e-01
7.095556259155273438e-01,-2.282278239727020264e-02
7.592699527740478516e-01,-7.876547425985336304e-02
1.025416254997253418e+00,-3.540997505187988281e-01
1.500918418169021606e-01,-1.037142157554626465e+00
2.112229108810424805e+00,-2.526845969259738922e-02
-1.454768300056457520e+00,1.853863000869750977e-01
9.393634200096130371e-01,-9.999309182167053223e-01
-4.544183313846588135e-01,9.705023840069770813e-03
3.549632430076599121e-01,-9.442236423492431641e-01
1.657849073410034180e+00,-1.478847503662109375e+00
3.001640923321247101e-02,-1.617671608924865723e+00
-1.138764023780822754e+00,5.290696863085031509e-03
-1.217669725418090820e+00,3.585274796932935715e-03
1.338473439216613770e+00,-1.002032637596130371e+00
6.411663889884948730e-01,-3.955790400505065918e-01
-5.358592271804809570e-01,1.654263287782669067e-01
9.192200303077697754e-01,-1.669412255287170410e+00
9.978023171424865723e-02,-1.220710515975952148e+00
1.566754460334777832e+00,-2.585843577980995178e-02
5.210018157958984375e-01,-6.704215407371520996e-01
1.410450637340545654e-01,-3.339046612381935120e-02
-2.732840180397033691e-01,1.477719694375991821e-01
1.278411746025085449e+00,-1.239962935447692871e+00
-8.060218691825866699e-01,1.794565320014953613e-01
1.672297567129135132e-01,-1.949172168970108032e-01
-1.136094927787780762e+00,1.444752514362335205e-01
1.165018603205680847e-01,-1.281609535217285156e+00
2.292792558670043945e+00,-5.932512879371643066e-01
4.975402355194091797e-01,-1.265547513961791992e+00
8.900243639945983887e-01,-1.572436571121215820e+00
4.922468662261962891e-01,-4.808738231658935547e-01
1.605782657861709595e-01,-7.371892333030700684e-01
6.888121962547302246e-01,-6.866739988327026367e-01
3.213167428970336914e+00,-1.383460879325866699e+00
1.550595927983522415e-02,-4.230529367923736572e-01
8.076712489128112793e-01,-3.722268044948577881e-01
1.477833271026611328e+00,-4.260275959968566895e-01
7.612473517656326294e-02,-6.015021726489067078e-02
9.725837707519531250e-01,-9.966134428977966309e-01
2.775551676750183105e-01,-5.151635408401489258e-01
3.868415355682373047e-01,-8.005694746971130371e-01
2.059217095375061035e-01,-1.412549316883087158e-01
4.736433029174804688e-01,-2.353132069110870361e-01
5.525630116462707520e-01,-1.578860282897949219e+00
2.402751892805099487e-01,-1.092392392456531525e-02
4.268914088606834412e-02,-1.754017353057861328e+00
3.360723555088043213e-01,-7.959475517272949219e-01
-6.694118976593017578e-01,1.536170672625303268e-02
2.191457897424697876e-01,-9.658479690551757812e-01
1.024007081985473633e+00,-1.963620483875274658e-01
1.371654272079467773e+00,-3.885331749916076660e-01
2.507924139499664307e-01,-1.479027390480041504e+00
3.226766884326934814e-01,-6.005879044532775879e-01
-8.858569264411926270e-01,1.454177778214216232e-03
2.246788144111633301e-01,-9.955908060073852539e-01
1.576823115348815918e+00,-6.684670448303222656e-01
8.376241922378540039e-01,-3.977735340595245361e-01
6.688430309295654297e-01,-3.578810393810272217e-01
2.100399971008300781e+00,-3.521901369094848633e-01
-1.122560739517211914e+00,2.135290354490280151e-01
-7.337455451488494873e-02,1.303035765886306763e-01
3.317821323871612549e-01,-5.179409980773925781e-01
1.230839490890502930e+00,-3.406068384647369385e-01
4.697169065475463867e-01,-2.546201646327972412e-01
1.123341202735900879e+00,-2.357863187789916992e-01
2.251046746969223022e-01,-1.341755390167236328e+00
1.834760159254074097e-01,-1.490827083587646484e+00
8.520266413688659668e-01,-8.074546456336975098e-01
1.117084383964538574e+00,-8.054636418819427490e-02
-3.439441919326782227e-01,5.452493578195571899e-02
5.755636096000671387e-01,-9.004800766706466675e-02
3.710912466049194336e-01,-3.240095078945159912e-01
-1.490843057632446289e+00,1.701356768608093262e-01
5.417813658714294434e-01,-1.493809521198272705e-01
1.030688166618347168e+00,-2.493849277496337891e+00
9.857062101364135742e-01,-4.651916399598121643e-02
4.326535165309906006e-01,-1.934410035610198975e-01
3.382810652256011963e-01,-7.094539999961853027e-01
1.136442422866821289e+00,-5.501651763916015625e-01
1.703845262527465820e+00,-2.859821021556854248e-01
4.168598949909210205e-01,-1.232018947601318359e+00
8.439499139785766602e-01,-8.948867321014404297e-01
1.234364390373229980e+00,-5.484058260917663574e-01
2.262544870376586914e+00,-2.024465203285217285e-01
3.973658978939056396e-01,-2.706703543663024902e-01
4.480476081371307373e-01,-8.697786927223205566e-02
5.962721705436706543e-01,-6.402054429054260254e-01
5.694226622581481934e-01,-1.681810170412063599e-01
-6.703702807426452637e-01,2.039673775434494019e-01
1.578224062919616699e+00,-1.244583725929260254e+00
4.711937308311462402e-01,-2.960148155689239502e-01
-3.945052996277809143e-02,2.389712631702423096e-01
1.441153526306152344e+00,-1.602253794670104980e+00
2.279150962829589844e+00,-1.396016955375671387e+00
8.216456174850463867e-01,-1.393720693886280060e-02
1.084777832031250000e+00,-1.515490651130676270e+00
6.392858624458312988e-01,-3.431724011898040771e-02
1.794620752334594727e-01,-5.473815798759460449e-01
5.463266372680664062e-01,-8.445686101913452148e-01
3.438394665718078613e-01,-9.216321706771850586e-01
3.529682159423828125e-01,-8.786646127700805664e-01
1.395274162292480469e+00,-2.628689408302307129e-01
1.294586062431335449e+00,-1.447431564331054688e+00
8.613432645797729492e-01,-5.093959718942642212e-02
3.516909778118133545e-01,-1.276819467544555664e+00
6.453917026519775391e-01,-1.673874020576477051e+00
1.613808035850524902e+00,-2.003941386938095093e-01
2.208859175443649292e-01,-8.811216354370117188e-01
1.437697768211364746e+00,-1.328280866146087646e-01
1.225665330886840820e+00,-2.373681068420410156e-01
1.797504186630249023e+00,-7.002472281455993652e-01
1.176754951477050781e+00,-1.094994395971298218e-01
2.383234262466430664e+00,-1.327651858329772949e+00
-2.557733356952667236e-01,4.768190160393714905e-02
2.618592083454132080e-01,-1.457059621810913086e+00
1.319578766822814941e+00,-2.242722660303115845e-01
-1.810902595520019531e+00,3.906717523932456970e-03
1.763504505157470703e+00,-3.590269684791564941e-01
1.378044486045837402e+00,-1.128656744956970215e+00
7.098252177238464355e-01,-1.431414961814880371e+00
1.403365731239318848e-01,-5.207495093345642090e-01
2.372612059116363525e-01,-5.959362983703613281e-01
8.777591586112976074e-01,-1.327617913484573364e-01
4.330956190824508667e-02,-1.502344161272048950e-01
1.821034073829650879e+00,-4.756828844547271729e-01
9.827600121498107910e-01,-8.580858707427978516e-01
1.210588932037353516e+00,-2.671140730381011963e-01
1.037829995155334473e+00,-4.858022630214691162e-01
5.668421983718872070e-01,-1.700486838817596436e-01
5.592321157455444336e-01,-2.271890640258789062e+00
-3.357404842972755432e-02,1.585586927831172943e-02
8.016421645879745483e-02,-7.314093708992004395e-01
9.335950613021850586e-01,-3.486835062503814697e-01
2.854881584644317627e-01,-8.131328225135803223e-01
-1.219778299331665039e+00,1.536037325859069824e-01
-1.120776891708374023e+00,2.347238212823867798e-01
9.044758677482604980e-01,-6.639587879180908203e-01
7.094662287272512913e-04,-8.149740099906921387e-01
8.811683058738708496e-01,-1.732275128364562988e+00
6.654980778694152832e-01,-2.156736850738525391e+00
-7.646074295043945312e-01,1.458056718111038208e-01
7.086616158485412598e-01,-1.223672986030578613e+00
1.115342974662780762e+00,-5.455107688903808594e-01
-3.605226874351501465e-01,5.165290832519531250e-02
7.077670693397521973e-01,-1.138927936553955078e+00
7.171517610549926758e-01,-1.387646913528442383e+00
1.712335586547851562e+00,-6.349194049835205078e-01
-7.761703133583068848e-01,1.917923390865325928e-01
3.752829432487487793e-01,-4.768622219562530518e-01
6.964915245771408081e-02,-8.928049206733703613e-01
1.857424616813659668e+00,-7.162362337112426758e-01
2.194462537765502930e+00,-7.682949304580688477e-01
4.607815444469451904e-01,-8.340654522180557251e-02
7.613461613655090332e-01,-3.718858063220977783e-01
7.100630402565002441e-01,-2.464054226875305176e-01
-1.401776432991027832e+00,1.602916121482849121e-01
1.063611030578613281e+00,-4.365245401859283447e-01
-9.175191521644592285e-01,8.815757930278778076e-03
1.235684275627136230e+00,-1.790055990219116211e+00
2.260483950376510620e-01,-9.595391750335693359e-01
5.817106366157531738e-01,-1.344207167625427246e+00
5.300481319427490234e-01,-5.637027621269226074e-01
6.485476493835449219e-01,-5.674585700035095215e-02
3.886563479900360107e-01,-9.919140934944152832e-01
1.567338407039642334e-01,-3.297486901283264160e-01
1.296695228666067123e-02,-2.829184234142303467e-01
-1.526525974273681641e+00,1.527076810598373413e-01
2.071687459945678711e+00,-8.726399540901184082e-01
4.326188266277313232e-01,-1.002422094345092773e+00
6.629846096038818359e-01,-7.678839564323425293e-01
2.175003439188003540e-01,-2.569259703159332275e-01
5.134021118283271790e-02,-1.129559278488159180e+00
8.761319518089294434e-01,-6.444794535636901855e-01
2.048649340867996216e-01,-1.049670100212097168e+00
3.988795876502990723e-01,-1.292624354362487793e+00
1.603855133056640625e+00,-2.229038953781127930e+00
-2.518931627273559570e-01,2.236797064542770386e-01
1.064745426177978516e+00,-3.302592337131500244e-01
1.618628948926925659e-01,-1.041696310043334961e+00
1.012892127037048340e-01,-5.761827230453491211e-01
1.791076213121414185e-01,-1.034070849418640137e+00
1.371091008186340332e+00,-1.716562032699584961e+00
1.318434953689575195e+00,-7.211505621671676636e-02
4.365868493914604187e-02,-7.173065543174743652e-01
1.868122071027755737e-01,-1.301308125257492065e-01
1.199827194213867188e+00,-4.386815428733825684e-01
1.864695847034454346e-01,-1.017623782157897949e+00
6.209908723831176758e-01,-2.249284833669662476e-01
7.293114066123962402e-02,-1.473527550697326660e+00
1.144582629203796387e+00,-1.280640840530395508e+00
6.300821304321289062e-01,-7.470296621322631836e-01
1.133302152156829834e-01,-2.553417205810546875e+00
1.505497336387634277e+00,-3.931853547692298889e-02
5.017318949103355408e-02,-1.836189478635787964e-01
9.965626597404479980e-01,-1.112674355506896973e+00
6.715338230133056641e-01,-7.123554944992065430e-01
1.867477416992187500e+00,-1.412286162376403809e+00
6.377798318862915039e-02,-2.933176457881927490e-01
8.244150280952453613e-01,-1.560849547386169434e+00
1.202830821275711060e-01,-3.146623969078063965e-01
-1.891354322433471680e-01,1.790233887732028961e-02
1.256737709045410156e+00,-8.259570002555847168e-01
6.923444271087646484e-01,-8.056237697601318359e-01
1.998608857393264771e-01,-3.839137032628059387e-02
-2.459555864334106445e-02,1.172529086470603943e-01
2.742045223712921143e-01,-1.196155622601509094e-01
1.283673405647277832e+00,-2.586190700531005859e-01
8.099063634872436523e-01,-1.139606118202209473e+00
2.651409506797790527e-01,-1.133467674255371094e+00
2.928862571716308594e-01,-4.566719830036163330e-01
7.619017362594604492e-01,-6.629196405410766602e-01
6.323071122169494629e-01,-2.174502611160278320e-01
3.633650839328765869e-01,-7.677921652793884277e-01
1.253340005874633789e+00,-5.389606356620788574e-01
5.355504155158996582e-01,-8.190726488828659058e-02
1.683610320091247559e+00,-2.138330459594726562e+00
1.280270338058471680e+00,-1.496688246726989746e+00
1.901297688484191895e+00,-7.849990725517272949e-01
4.704518914222717285e-01,-1.331798791885375977e+00
-3.398565649986267090e-01,9.141150861978530884e-02
4.914113581180572510e-01,-1.349001049995422363e+00
-8.111321926116943359e-01,7.641325145959854126e-02
6.725518107414245605e-01,-5.690500140190124512e-01
1.462688684463500977e+00,-1.054991722106933594e+00
1.491141796112060547e+00,-2.181813567876815796e-01
5.010323971509933472e-02,-5.813871026039123535e-01
-8.119648694992065430e-01,2.018248885869979858e-01
-8.194115161895751953e-01,1.140026468783617020e-02
9.628807306289672852e-01,-2.094946652650833130e-01
-5.056743323802947998e-02,5.312532559037208557e-02
-2.777395844459533691e-01,1.746393926441669464e-02
5.904163122177124023e-01,-1.500657666474580765e-02
9.489330649375915527e-01,-5.818629860877990723e-01
3.744758963584899902e-01,-1.429469704627990723e+00
3.979197517037391663e-02,-4.901047050952911377e-02
-3.377567827701568604e-01,4.553507268428802490e-02
2.592765331268310547e+00,-3.192739188671112061e-01
8.705679178237915039e-01,-1.234744429588317871e+00
7.559607028961181641e-01,-1.101441740989685059e+00
1.026017308235168457e+00,-1.331444978713989258e+00
3.485036790370941162e-01,-2.148283272981643677e-01
2.512304186820983887e-01,-1.167195081710815430e+00
1.614932529628276825e-02,-1.851712703704833984e+00
9.479729533195495605e-01,-5.830485820770263672e-01
8.104512095451354980e-01,-2.587547898292541504e-01
1.404718637466430664e+00,-3.390623927116394043e-01
9.611271619796752930e-01,-1.179902434349060059e+00
3.868933916091918945e-01,-5.236205458641052246e-01
6.296858191490173340e-01,-4.475907981395721436e-01
9.159900546073913574e-01,-4.874192476272583008e-01
1.793558299541473389e-01,-6.108582615852355957e-01
-1.048351883888244629e+00,1.068837419152259827e-01
8.160033226013183594e-01,-1.563759922981262207e+00
5.110189914703369141e-01,-1.802253723144531250e-01
3.177641630172729492e-01,-1.752474665641784668e+00
1.244848728179931641e+00,-1.867274492979049683e-01
-1.150606989860534668e+00,1.739765554666519165e-01
9.358973503112792969e-01,-1.142329573631286621e+00
1.087843537330627441e+00,-1.368901133537292480e+00
1.999591469764709473e+00,-4.978230297565460205e-01
4.004063904285430908e-01,-3.837387561798095703e-01
1.205228447914123535e+00,-3.592959046363830566e-01
5.010458230972290039e-01,-1.250458657741546631e-01
8.939486742019653320e-01,-1.474699020385742188e+00
1.373409986495971680e+00,-2.290451824665069580e-01
1.635442852973937988e+00,-1.311915993690490723e+00
1.540062546730041504e+00,-3.278903365135192871e-01
-1.009105801582336426e+00,6.742607057094573975e-02
-9.579424262046813965e-01,2.384424060583114624e-01
1.493309855461120605e+00,-1.982185721397399902e+00
3.218631148338317871e-01,-1.096409484744071960e-01
3.381749689579010010e-01,-4.878430366516113281e-01
3.878173232078552246e-01,-3.392442762851715088e-01
-3.476109206676483154e-01,2.473912388086318970e-01
3.313837051391601562e-01,-8.346223235130310059e-01
-5.025448203086853027e-01,1.868288815021514893e-01
2.008728742599487305e+00,-1.100122481584548950e-01
6.413946300745010376e-02,-1.330532670021057129e+00
7.407876253128051758e-01,-2.245088815689086914e-01
1.156165838241577148e+00,-3.022783100605010986e-01
1.065713241696357727e-01,-3.732034470885992050e-03
-3.055744767189025879e-01,6.967716664075851440e-02
8.535380363464355469e-01,-3.770104348659515381e-01
4.425818473100662231e-02,-3.175380229949951172e-01
1.288833767175674438e-01,-1.667910218238830566e-01
4.870162904262542725e-01,-1.175561070442199707e+00
9.890657067298889160e-01,-1.519023180007934570e-01
-8.882277011871337891e-01,4.206176847219467163e-02
3.703466653823852539e-01,-4.750481992959976196e-02
-1.079861760139465332e+00,1.446438729763031006e-01
2.135686874389648438e-01,-1.590199172496795654e-01
-1.893140912055969238e+00,1.834574043750762939e-01
-1.472651839256286621e+00,5.335356295108795166e-02
2.296791076660156250e+00,-1.050729751586914062e+00
2.387455463409423828e+00,-7.701939344406127930e-02
3.828283250331878662e-01,-2.308776974678039551e-01
-8.371038436889648438e-01,7.351642707362771034e-04
7.116187214851379395e-01,-1.243749141693115234e+00
-2.157674729824066162e-01,8.422248065471649170e-02
4.708954989910125732e-01,-1.004930138587951660e+00
1.508498638868331909e-01,-1.499918252229690552e-01
1.342893958091735840e+00,-1.355412244796752930e+00
2.505083382129669189e-01,-9.814438819885253906e-01
5.464059114456176758e-01,-1.094683051109313965e+00
-2.995916008949279785e-01,4.692902415990829468e-02
1.614919304847717285e+00,-2.089288949966430664e+00
6.737659685313701630e-03,-2.187952995300292969e-01
6.691014766693115234e-01,-3.164019286632537842e-01
2.177669525146484375e+00,-1.018171906471252441e+00
6.651594638824462891e-01,-1.644814610481262207e+00
3.498353362083435059e-01,-1.137492299079895020e+00
-6.009151339530944824e-01,2.190114259719848633e-01
1.304581642150878906e+00,-1.729761481285095215e+00
8.204804360866546631e-02,-4.786523878574371338e-01
1.829117298126220703e+00,-2.613420784473419189e-01
1.159682154655456543e+00,-1.200476646423339844e+00
8.505128026008605957e-01,-1.422009710222482681e-02
4.700845479965209961e-01,-1.212437510490417480e+00
-4.370080530643463135e-01,2.077601552009582520e-01
1.048255860805511475e-01,-8.681719899177551270e-01
6.922110915184020996e-01,-2.487979680299758911e-01
7.023585438728332520e-01,-1.463342070579528809e+00
7.043218016624450684e-01,-2.029905617237091064e-01
6.391749382019042969e-01,-1.232244133949279785e+00
5.204074457287788391e-02,-3.738883510231971741e-02
4.789217114448547363e-01,-1.164867997169494629e+00
9.625229835510253906e-01,-7.265977263450622559e-01
5.688928365707397461e-01,-3.651039898395538330e-01
1.429549813270568848e+00,-3.233369350433349609e+00
1.284307122230529785e+00,-5.666124224662780762e-01
3.747188150882720947e-01,-1.378393173217773438e-01
1.207713842391967773e+00,-5.967743396759033203e-01
4.875304400920867920e-01,-4.984119832515716553e-01
1.119903802871704102e+00,-7.247009277343750000e-01
2.151176452636718750e+00,-1.525473237037658691e+00
9.186203479766845703e-01,-1.968411564826965332e+00
4.486474394798278809e-01,-5.812312960624694824e-01
1.433092355728149414e+00,-5.065455436706542969e-01
-9.235097765922546387e-01,2.645839191973209381e-02
9.414926767349243164e-01,-5.077700018882751465e-01
5.051501393318176270e-01,-4.530413821339607239e-02
-3.969433009624481201e-01,2.323521077632904053e-01
1.657661050558090210e-01,-7.742552161216735840e-01
1.208319425582885742e+00,-3.876906335353851318e-01
6.580221652984619141e-01,-6.793175339698791504e-01
-1.254052966833114624e-01,1.631488502025604248e-01
-3.035389780998229980e-01,3.214626014232635498e-02
1.192109704017639160e+00,-7.117804884910583496e-02
7.155573964118957520e-01,-4.311384260654449463e-01
7.401398420333862305e-01,-2.869073450565338135e-01
1.496699452400207520e+00,-1.458006203174591064e-01
1.336915135383605957e+00,-8.404560089111328125e-01
1.539727330207824707e+00,-7.687807679176330566e-01
1.358552455902099609e+00,-6.457760930061340332e-01
2.336935520172119141e+00,-1.444486498832702637e+00
2.387382090091705322e-01,-2.361238002777099609e+00
6.708738803863525391e-01,-5.662046074867248535e-01
-1.550602614879608154e-01,2.465975433588027954e-01
4.295625984668731689e-01,-1.050242066383361816e+00
-2.375163286924362183e-01,7.677607238292694092e-02
1.427753269672393799e-01,-1.261266708374023438e+00
1.574187397956848145e+00,-3.969308137893676758e-01
-1.476419903337955475e-02,1.561479866504669189e-01
1.249386787414550781e+00,-1.926789134740829468e-01
2.432034760713577271e-01,-5.568160414695739746e-01
4.643383622169494629e-01,-1.184413656592369080e-01
2.308039665222167969e+00,-1.128573179244995117e+00
9.161628484725952148e-01,-4.039002656936645508e-01
8.455524444580078125e-01,-6.602147817611694336e-01
-9.294180274009704590e-01,7.445736974477767944e-02
3.261983990669250488e-01,-2.588488817214965820e+00
1.553592801094055176e+00,-1.868448853492736816e+00
5.536736249923706055e-01,-3.052466154098510742e+00
5.232522487640380859e-01,-1.005868986248970032e-01
9.373751878738403320e-01,-1.586462140083312988e+00
9.109110832214355469e-01,-4.762525260448455811e-01
-4.200813770294189453e-01,6.132387742400169373e-02
-3.540224134922027588e-01,7.488818466663360596e-02
1.116132661700248718e-01,-9.290851652622222900e-02
-1.008730888366699219e+00,8.751342445611953735e-02
-2.314723134040832520e-01,2.292256355285644531e-01
8.987532258033752441e-01,-2.089323282241821289e+00
1.461475491523742676e+00,-7.325356602668762207e-01
1.119522809982299805e+00,-2.284439206123352051e-01
8.498690724372863770e-01,-2.501672804355621338e-01
1.640655994415283203e+00,-8.736087083816528320e-01
-7.598731517791748047e-01,2.122706174850463867e-01
-1.367843449115753174e-01,1.031104475259780884e-02
2.367555350065231323e-01,-4.149693250656127930e-01
6.829257607460021973e-01,-1.465137209743261337e-02
-9.379943013191223145e-01,2.092887759208679199e-01
8.229281753301620483e-02,-1.028034090995788574e+00
1.793155074119567871e+00,-8.144820928573608398e-01
1.435072779655456543e+00,-3.182517886161804199e-01
1.785607933998107910e+00,-3.134653568267822266e-01
1.409331411123275757e-01,-2.257858812808990479e-01
4.574530124664306641e-01,-1.684166073799133301e+00
8.171071410179138184e-01,-8.619107306003570557e-02
2.773073911666870117e-01,-2.214025020599365234e+00
-4.478516429662704468e-02,1.426495164632797241e-01
4.078254103660583496e-01,-3.501387834548950195e-01
-9.031467437744140625e-01,1.008656769990921021e-01
3.313931226730346680e-01,-5.727080628275871277e-02
-3.331393897533416748e-01,5.277866497635841370e-02
3.513926863670349121e-01,-1.462121605873107910e+00
6.410019099712371826e-02,-7.524825930595397949e-01
1.807291060686111450e-01,-5.132279992103576660e-01
1.545602440834045410e+00,-1.017011642456054688e+00
1.584349036216735840e+00,-1.532468914985656738e+00
1.246938467025756836e+00,-4.450339376926422119e-01
1.363204360008239746e+00,-4.409374594688415527e-01
4.383960068225860596e-01,-2.719176709651947021e-01
-4.354038536548614502e-01,2.297535687685012817e-01
1.950795650482177734e-01,-5.213608145713806152e-01
2.716843485832214355e-01,-1.011854887008666992e+00
-3.408707082271575928e-01,1.033831238746643066e-01
1.991065740585327148e-01,-7.281726002693176270e-01
7.663106918334960938e-01,-1.084549903869628906e+00
5.582282543182373047e-01,-2.410569190979003906e-01
1.044566154479980469e+00,-4.893029034137725830e-01
8.806409239768981934e-01,-9.640253782272338867e-01
1.176742240786552429e-01,-1.567328870296478271e-01
7.221082448959350586e-01,-1.045642971992492676e+00
4.703276455402374268e-01,-2.190914899110794067e-01
1.890996336936950684e+00,-9.094752073287963867e-01
1.262225508689880371e+00,-2.228895425796508789e-01
6.848044395446777344e-01,-5.946833491325378418e-01
4.703195393085479736e-01,-1.934454441070556641e-01
2.037012338638305664e+00,-1.290450572967529297e+00
9.319115281105041504e-01,-1.538628190755844116e-01
-1.881755471229553223e+00,5.867122113704681396e-02
1.486998349428176880e-01,-2.114420831203460693e-01
6.364101171493530273e-01,-9.737385511398315430e-01
-9.446037411689758301e-01,1.115725655108690262e-02
2.151041030883789062e+00,-8.852148056030273438e-01
1.207439899444580078e+00,-1.005016565322875977e+00
5.964853167533874512e-01,-7.861562371253967285e-01
1.465664505958557129e+00,-9.677270650863647461e-01
1.514207124710083008e+00,-1.200603723526000977e+00
7.553070783615112305e-01,-7.462509870529174805e-01
3.790095150470733643e-01,-2.896796166896820068e-01
-2.540517330169677734e+00,1.372841279953718185e-02
-9.825190305709838867e-01,1.860322058200836182e-01
5.447076559066772461e-01,-1.652128249406814575e-01
1.338186115026473999e-01,-1.557131886482238770e+00
5.557312816381454468e-02,-1.260666847229003906e+00
-5.083661675453186035e-01,1.485780626535415649e-01
2.241163015365600586e+00,-1.571001410484313965e-01
3.419009596109390259e-02,-1.636260896921157837e-01
7.495848536491394043e-01,-5.949785709381103516e-01
6.819374561309814453e-01,-8.233468532562255859e-01
8.060624450445175171e-02,-2.810360863804817200e-02
2.033205181360244751e-01,-2.631326019763946533e-01
6.894224286079406738e-01,-8.624699711799621582e-02
-8.281397819519042969e-01,3.421181812882423401e-02
2.237665653228759766e+00,-8.508790135383605957e-01
3.021504640579223633e+00,-2.749734640121459961e+00
3.313616514205932617e-01,-6.899235844612121582e-01
1.863949418067932129e+00,-5.019564032554626465e-01
1.117506146430969238e+00,-1.346018791198730469e+00
-5.863373279571533203e-01,6.262294948101043701e-02
-2.436548173427581787e-01,2.267601490020751953e-01
7.532286643981933594e-01,-7.413929700851440430e-01
1.200611069798469543e-01,-8.996941447257995605e-01
4.192894399166107178e-01,-1.105478405952453613e+00
1.081750750541687012e+00,-1.209363818168640137e+00
-2.710206806659698486e-01,1.294903308153152466e-01
9.122534990310668945e-01,-8.460783362388610840e-01
2.115924805402755737e-01,-1.647710204124450684e+00
2.611318528652191162e-01,-2.667471408843994141e+00
-9.484329819679260254e-01,2.341642379760742188e-01
-7.632129192352294922e-01,7.491682469844818115e-02
-1.312370419502258301e+00,1.099546626210212708e-01
1.184323206543922424e-01,-3.602758347988128662e-01
1.715389788150787354e-01,-2.826407551765441895e-01
1.118979096412658691e+00,-2.888096570968627930e-01
-3.630605638027191162e-01,1.477889865636825562e-01
7.820433974266052246e-01,-5.532703995704650879e-01
3.891569972038269043e-01,-9.572261571884155273e-01
1.785580158233642578e+00,-7.285718619823455811e-02
-6.190073490142822266e-01,2.189479619264602661e-01
-4.815965592861175537e-01,9.667728841304779053e-02
1.452113866806030273e+00,-7.433140277862548828e-01
2.068899631500244141e+00,-1.562273316085338593e-02
1.348612070083618164e+00,-1.874143242835998535e+00
9.076278805732727051e-01,-1.174254655838012695e+00
9.178199768066406250e-01,-1.430990695953369141e+00
1.508612036705017090e+00,-5.282513499259948730e-01
4.944013953208923340e-01,-1.458720922470092773e+00
-9.237713217735290527e-01,3.706587105989456177e-02
2.268257141113281250e+00,-6.720811724662780762e-01
2.620823383331298828e-01,-5.519805550575256348e-01
-1.207565784454345703e+00,2.191804051399230957e-01
-2.852226793766021729e-01,3.470453992486000061e-02
1.986848711967468262e-01,-1.250323414802551270e+00
6.758266091346740723e-01,-2.318695001304149628e-02
-3.109964728355407715e-01,6.351282447576522827e-02
-6.085008382797241211e-01,1.050906926393508911e-01
4.485717713832855225e-01,-1.660524606704711914e+00
1.043407797813415527e+00,-5.387264490127563477e-02
1.435537785291671753e-01,-1.540326178073883057e-01
1.440598256886005402e-02,-1.385886073112487793e-01
1.522174239158630371e+00,-1.601583361625671387e+00
6.581891793757677078e-03,-1.663115024566650391e-01
8.911827206611633301e-01,-1.218074798583984375e+00
-2.665822207927703857e-01,2.356092780828475952e-01
1.313725590705871582e+00,-8.733862042427062988e-01
5.493494272232055664e-01,-4.886254370212554932e-01
7.610157728195190430e-01,-1.001917272806167603e-01
1.486204713582992554e-01,-1.205007076263427734e+00
-5.421780943870544434e-01,1.731466688215732574e-02
1.080344319343566895e+00,-2.238072872161865234e+00
-2.746283411979675293e-01,1.839371621608734131e-01
-1.440628170967102051e+00,1.799982935190200806e-01
2.969694137573242188e+00,-1.643543601036071777e+00
9.889912605285644531e-01,-1.165130257606506348e+00
1.305288910865783691e+00,-1.862155079841613770e+00
7.337242960929870605e-01,-6.353933811187744141e-01
1.725696027278900146e-01,-9.462088346481323242e-01
-1.445950388908386230e+00,2.000700384378433228e-01
6.214615106582641602e-01,-8.728607743978500366e-02
9.525522589683532715e-01,-1.455248147249221802e-01
8.292095065116882324e-01,-1.021064400672912598e+00
4.340093210339546204e-02,-5.988800432533025742e-03
5.006716251373291016e-01,-1.777825713157653809e+00
1.468512564897537231e-01,-1.446587741374969482e-01
9.909967780113220215e-01,-7.729946374893188477e-01
1.214339375495910645e+00,-1.106703400611877441e+00
2.447074413299560547e+00,-5.346456170082092285e-02
8.063021302223205566e-01,-1.143355846405029297e+00
1.816348910331726074e+00,-3.442602396011352539e+00
9.783167243003845215e-01,-1.639036834239959717e-01
1.178775668144226074e+00,-1.606155395507812500e+00
-8.947677612304687500e-01,1.463490128517150879e-01
1.481392502784729004e+00,-2.231141567230224609e+00
2.239650636911392212e-01,-8.818013668060302734e-01
1.260145783424377441e+00,-8.707594275474548340e-01
1.837854623794555664e+00,-2.117224186658859253e-01
5.047020316123962402e-02,-8.897030353546142578e-01
-7.583112716674804688e-01,2.202120423316955566e-01
2.356054028496146202e-03,-7.410902976989746094e-01
8.249780535697937012e-01,-7.078887224197387695e-01
6.563243865966796875e-01,-4.309583306312561035e-01
8.334049582481384277e-01,-1.190493822097778320e+00
1.747062802314758301e+00,-9.191035479307174683e-02
2.109697818756103516e+00,-4.256214573979377747e-02
4.081300199031829834e-01,-1.297613233327865601e-01
1.242034316062927246e+00,-8.395247459411621094e-01
5.371508002281188965e-01,-8.534652739763259888e-02
7.396098375320434570e-01,-1.200369119644165039e+00
-1.640902638435363770e+00,8.511301130056381226e-02
3.504621982574462891e-01,-5.341635942459106445e-01
-3.199978768825531006e-01,8.035666309297084808e-03
2.496086210012435913e-01,-7.433831691741943359e-01
-5.484567880630493164e-01,1.320315748453140259e-01
3.493976294994354248e-01,-7.593208551406860352e-01
1.039294004440307617e+00,-6.064510345458984375e-01
5.842316746711730957e-01,-1.177931904792785645e+00
8.200750946998596191e-01,-1.358160018920898438e+00
-1.149677753448486328e+00,9.696600586175918579e-02
6.708355545997619629e-01,-1.236965060234069824e+00
2.523602545261383057e-01,-2.010697722434997559e-01
1.727411746978759766e-01,-6.540496349334716797e-01
1.491163223981857300e-01,-1.976756900548934937e-01
2.632768154144287109e-01,-7.884613871574401855e-01
1.038322567939758301e+00,-2.455309033393859863e-01
5.759801268577575684e-01,-1.377520799636840820e+00
3.038045465946197510e-01,-6.839074492454528809e-01
1.331993699073791504e+00,-7.941001057624816895e-01
-1.410054683685302734e+00,1.876487135887145996e-01
1.331304907798767090e+00,-1.841563582420349121e+00
8.597121238708496094e-01,-1.449597954750061035e+00
-1.443399786949157715e+00,4.046008735895156860e-02
5.255095958709716797e-01,-4.721540510654449463e-01
2.984901964664459229e-01,-5.311822295188903809e-01
5.558673143386840820e-01,-6.753733381628990173e-03
7.061681747436523438e-01,-1.284415841102600098e+00
1.133755445480346680e+00,-1.898438096046447754e+00
3.854802548885345459e-01,-8.711315393447875977e-01
7.920674085617065430e-01,-7.659570574760437012e-01
2.875147163867950439e-01,-1.332038789987564087e-01
-3.213549554347991943e-01,2.104046940803527832e-01
-7.389597892761230469e-01,1.669564396142959595e-01
9.488002061843872070e-01,-3.186635673046112061e-01
7.792254537343978882e-02,-6.737306714057922363e-01
7.232194542884826660e-01,-1.677662283182144165e-01
9.062810540199279785e-01,-6.073427796363830566e-01
3.477209014818072319e-03,-2.352351427078247070e+00
1.824533224105834961e+00,-1.920090913772583008e-01
2.749064266681671143e-01,-7.019084095954895020e-01
1.090977549552917480e+00,-1.545135855674743652e+00
3.108358681201934814e-01,-6.344140768051147461e-01
7.474499940872192383e-01,-1.243267178535461426e+00
6.353716254234313965e-01,-1.064610719680786133e+00
2.012043476104736328e+00,-9.573242068290710449e-01
5.175591111183166504e-01,-2.252945899963378906e+00
6.667989492416381836e-01,-1.722712039947509766e+00
5.020454525947570801e-01,-1.518255621194839478e-01
8.279809355735778809e-02,-2.253551483154296875e+00
1.154435753822326660e+00,-3.427385985851287842e-01
4.035949409008026123e-01,-6.481283903121948242e-01
4.901928901672363281e-01,-1.459501028060913086e+00
4.259432554244995117e-01,-5.235714316368103027e-01
2.093325138092041016e+00,-2.285646349191665649e-01
6.840097308158874512e-01,-1.102528452873229980e+00
9.814834594726562500e-01,-4.564007520675659180e-01
1.171579435467720032e-01,-1.274172544479370117e+00
-1.358374238014221191e+00,1.883075684309005737e-01
8.083199858665466309e-01,-3.339161276817321777e-01
6.665197610855102539e-01,-6.723443418741226196e-02
5.229530334472656250e-01,-8.508706688880920410e-01
5.792835950851440430e-01,-2.376283407211303711e+00
4.190855845808982849e-02,-1.526321649551391602e+00
-1.288947463035583496e+00,1.551230996847152710e-01
1.649685621261596680e+00,-2.387675791978836060e-01
3.508984744548797607e-01,-7.803618162870407104e-02
4.754538238048553467e-01,-1.057176232337951660e+00
1.229650497436523438e+00,-8.438758850097656250e-01
4.511534273624420166e-01,-2.413295030593872070e+00
8.661165088415145874e-02,-8.733399510383605957e-01
9.898541569709777832e-01,-1.755328536033630371e+00
2.164404690265655518e-01,-3.881554603576660156e-01
1.135586127638816833e-01,-6.745032668113708496e-01
5.495386123657226562e-01,-4.926302134990692139e-01
-3.645957261323928833e-02,2.072165459394454956e-01
-9.137576818466186523e-01,1.207569390535354614e-01
7.317542284727096558e-02,-2.455283999443054199e-01
1.423032402992248535e+00,-1.571185350418090820e+00
1.918603628873825073e-01,-9.259611368179321289e-01
8.072927594184875488e-01,-2.817733213305473328e-03
-6.883623003959655762e-01,2.167548984289169312e-01
8.082289099693298340e-01,-1.713505238294601440e-01
3.741499409079551697e-02,-1.426161080598831177e-01
6.230596899986267090e-01,-8.364190161228179932e-02
7.772979140281677246e-01,-1.199156522750854492e+00
2.036007046699523926e-01,-1.300288796424865723e+00
1.512252986431121826e-01,-1.077379286289215088e-01
2.317052781581878662e-01,-1.287648230791091919e-01
2.935819923877716064e-01,-4.492493569850921631e-01
7.282426953315734863e-01,-3.026379942893981934e-01
1.476136326789855957e+00,-2.388896048069000244e-02
1.311658143997192383e+00,-5.281856060028076172e-01
9.355107545852661133e-01,-1.842239499092102051e+00
1.895882785320281982e-01,-4.229404330253601074e-01
5.857197046279907227e-01,-1.111156344413757324e+00
1.547373533248901367e-01,-1.302505373954772949e+00
4.670789241790771484e-01,-2.129379510879516602e-01
5.630278587341308594e-01,-1.449514031410217285e+00
4.503257572650909424e-01,-6.044941544532775879e-01
8.992089889943599701e-03,-5.601963996887207031e-01
5.773673951625823975e-02,-1.643354415893554688e+00
1.338456749916076660e+00,-3.363638818264007568e-01
3.717169761657714844e-01,-6.114771366119384766e-01
1.411571055650711060e-01,-6.375474333763122559e-01
1.698862433433532715e+00,-5.686534643173217773e-01
7.089085578918457031e-01,-3.415876626968383789e-01
9.164903163909912109e-01,-1.875553965568542480e+00
1.143637537956237793e+00,-9.945312142372131348e-01
2.187841653823852539e+00,-8.832997083663940430e-01
8.639777898788452148e-01,-1.424853056669235229e-01
-1.276435852050781250e+00,2.217019349336624146e-01
2.938630282878875732e-01,-1.877074956893920898e+00
2.765071392059326172e-01,-4.524490982294082642e-02
7.169453501701354980e-01,-1.545981645584106445e+00
1.425721168518066406e+00,-8.699730634689331055e-01
1.364045739173889160e+00,-7.393452525138854980e-01
8.858025074005126953e-01,-7.999571561813354492e-01
1.223983764648437500e+00,-2.080737113952636719e+00
-6.268297880887985229e-02,1.376226693391799927e-01
1.025060296058654785e+00,-3.337052091956138611e-02
1.549804568290710449e+00,-3.376477241516113281e+00
4.404187500476837158e-01,-3.519580066204071045e-01
-1.543667674064636230e+00,1.173509806394577026e-01
3.442037403583526611e-01,-1.022833704948425293e+00
2.723762691020965576e-01,-6.151280403137207031e-01
2.217341661453247070e+00,-1.471920907497406006e-01
3.000449180603027344e+00,-1.097366400063037872e-02
1.101723909378051758e+00,-1.410994887351989746e+00
4.526853933930397034e-02,-3.433035314083099365e-01
2.382057428359985352e+00,-6.622828543186187744e-02
1.178586125373840332e+00,-3.484132885932922363e-01
7.989258766174316406e-01,-2.191751003265380859e+00
7.237005829811096191e-01,-5.701100230216979980e-01
2.621104478836059570e+00,-7.026616930961608887e-01
1.730900049209594727e+00,-3.528284430503845215e-01
6.558408737182617188e-01,-1.700675636529922485e-01
7.552825808525085449e-01,-2.631448745727539062e+00
2.059381723403930664e+00,-8.739195466041564941e-01
3.732012808322906494e-01,-9.901312589645385742e-01
1.688826084136962891e+00,-1.051793575286865234e+00
1.196471571922302246e+00,-7.385096549987792969e-01
2.114078998565673828e+00,-1.123777151107788086e+00
4.678842723369598389e-01,-1.654764562845230103e-01
5.353420376777648926e-01,-1.486969113349914551e+00
-1.117850065231323242e+00,9.909341484308242798e-02
6.249957680702209473e-01,-1.463610887527465820e+00
2.236236572265625000e+00,-6.544496417045593262e-01
5.169692635536193848e-01,-5.631659030914306641e-01
-3.120864182710647583e-02,1.399469226598739624e-01
-3.980025053024291992e-01,2.395373433828353882e-01
6.939650177955627441e-01,-1.245760679244995117e+00
7.224083542823791504e-01,-7.286350131034851074e-01
-1.058598041534423828e+00,2.207469344139099121e-01
-8.546001911163330078e-01,1.209268160164356232e-02
8.742747902870178223e-01,-4.096910357475280762e-01
4.503158032894134521e-01,-3.944362699985504150e-01
2.266529560089111328e+00,-1.994764208793640137e+00
6.057603359222412109e-01,-7.966778874397277832e-01
-1.234616160392761230e+00,1.044588759541511536e-01
6.124860644340515137e-01,-2.974653840065002441e-01
1.209466338157653809e+00,-1.679908156394958496e+00
7.758494615554809570e-01,-6.395903229713439941e-01
6.125607490539550781e-01,-8.154283761978149414e-01
4.909546375274658203e-01,-1.717991471290588379e+00
2.367607504129409790e-01,-1.610297679901123047e+00
-5.967825055122375488e-01,7.886104285717010498e-02
-9.519646763801574707e-01,6.498885899782180786e-02
1.666402965784072876e-01,-1.122464418411254883e+00
-1.564757108688354492e+00,9.423613548278808594e-02
1.722555994987487793e+00,-1.069517850875854492e+00
5.737977027893066406e-01,-8.593131303787231445e-01
1.341321468353271484e-01,-3.826581835746765137e-01
1.262318968772888184e+00,-5.107905268669128418e-01
2.264073193073272705e-01,-7.922229170799255371e-01
4.205782413482666016e-01,-8.471075892448425293e-01
3.010627031326293945e-01,-5.270065665245056152e-01
4.838346838951110840e-01,-3.968691229820251465e-01
2.032850265502929688e+00,-1.072125554084777832e+00
-1.056607246398925781e+00,4.687264561653137207e-02
3.923368453979492188e-01,-1.342596054077148438e+00
1.180282473564147949e+00,-1.783260256052017212e-01
6.458299756050109863e-01,-8.006387948989868164e-01
4.822141230106353760e-01,-1.551698446273803711e+00
-1.766545772552490234e-01,7.821731269359588623e-02
1.588799715042114258e+00,-1.448355317115783691e+00
-1.111234188079833984e+00,2.028442323207855225e-01
6.749388575553894043e-01,-5.377916097640991211e-01
1.838892221450805664e+00,-5.477016568183898926e-01
-6.275711655616760254e-01,2.823386527597904205e-02
2.926566302776336670e-01,-5.010830760002136230e-01
-3.617009818553924561e-01,1.985384076833724976e-01
3.101607859134674072e-01,-1.443686038255691528e-01
2.392779141664505005e-01,-1.126327633857727051e+00
5.279365181922912598e-01,-1.403751492500305176e+00
1.365022659301757812e-01,-1.376169681549072266e+00
5.789776444435119629e-01,-2.728950977325439453e-01
-3.433510288596153259e-02,8.060272037982940674e-02
5.644738078117370605e-01,-1.627794653177261353e-02
4.523899257183074951e-01,-1.720632791519165039e+00
3.275676965713500977e-01,-1.159300804138183594e-01
3.610251247882843018e-01,-1.515079736709594727e+00
8.522610664367675781e-01,-1.099049925804138184e+00
1.373338997364044189e-01,-7.699633836746215820e-01
9.828406572341918945e-01,-7.450855374336242676e-01
1.930698394775390625e+00,-6.473954319953918457e-01
1.640276193618774414e+00,-8.993961215019226074e-01
2.276906967163085938e+00,-1.017085388302803040e-01
2.077711671590805054e-01,-8.088511973619461060e-02
2.912455201148986816e-01,-6.585447788238525391e-01
2.215325534343719482e-01,-1.118316769599914551e+00
6.008906364440917969e-01,-8.848763108253479004e-01
8.106858730316162109e-01,-1.624161481857299805e+00
-1.131963133811950684e+00,1.359516978263854980e-01
8.069732189178466797e-01,-1.857790589332580566e+00
6.785286664962768555e-01,-6.972600221633911133e-01
1.835618495941162109e+00,-4.729709029197692871e-01
-9.652025699615478516e-01,9.801016002893447876e-02
-2.405859380960464478e-01,1.521455496549606323e-01
7.833819389343261719e-01,-2.959429323673248291e-01
5.460590124130249023e-01,-1.645646244287490845e-01
1.565159857273101807e-01,-1.554047316312789917e-01
1.529910326004028320e+00,-1.374414712190628052e-01
1.084181308746337891e+00,-6.104994192719459534e-02
6.327002644538879395e-01,-8.877954483032226562e-01
7.528752088546752930e-01,-1.047661751508712769e-01
5.012122392654418945e-01,-1.218852519989013672e+00
1.801808953285217285e+00,-1.266147613525390625e+00
1.016553997993469238e+00,-1.928370237350463867e+00
7.894817590713500977e-01,-1.806822605431079865e-03
-1.317122578620910645e+00,1.846056133508682251e-01
-4.107539951801300049e-01,8.601110428571701050e-02
1.991700381040573120e-01,-6.368097662925720215e-02
5.885240435600280762e-01,-1.108488559722900391e+00
8.585100769996643066e-01,-5.199095606803894043e-01
-1.628384828567504883e+00,2.368675023317337036e-01
4.701690077781677246e-01,-4.306345432996749878e-02
2.210335969924926758e+00,-1.491946101188659668e+00
1.077369570732116699e+00,-8.802313804626464844e-01
1.159477353096008301e+00,-3.709399104118347168e-01
1.168337371200323105e-02,-8.907254934310913086e-01
5.502516627311706543e-01,-9.650285840034484863e-01
8.412669301033020020e-01,-8.070312142372131348e-01
4.286029338836669922e-01,-2.497233301401138306e-01
1.631687395274639130e-02,-9.701111912727355957e-01
2.174704372882843018e-01,-7.361407876014709473e-01
-1.039015531539916992e+00,2.001443058252334595e-01
1.403834223747253418e+00,-9.461205005645751953e-01
1.617099881172180176e+00,-7.440675497055053711e-01
9.901677370071411133e-01,-2.351301014423370361e-01
-1.019535958766937256e-01,2.578580519184470177e-03
4.738360643386840820e-01,-3.236838281154632568e-01
1.522145390510559082e+00,-7.677965760231018066e-01
1.090821623802185059e+00,-1.025201559066772461e+00
9.617311954498291016e-01,-3.939313888549804688e-01
-2.743010520935058594e-01,4.538349807262420654e-02
2.328181982040405273e+00,-1.742002844810485840e+00
-2.306455671787261963e-01,1.373603641986846924e-01
1.587970927357673645e-02,-5.666894838213920593e-02
7.243450284004211426e-01,-2.610060200095176697e-02
3.390527069568634033e-01,-1.093462467193603516e+00
1.450090885162353516e+00,-3.075986206531524658e-01
9.493917971849441528e-02,-9.468771219253540039e-01
1.217059716582298279e-01,-1.346628665924072266e-01
1.416732668876647949e+00,-7.372030615806579590e-01
5.105264186859130859e-01,-3.605554252862930298e-02
-1.151189088821411133e+00,2.116023302078247070e-01
1.279329419136047363e+00,-1.118840217590332031e+00
3.479371070861816406e-01,-1.085545301437377930e+00
3.877837061882019043e-01,-2.458894014358520508e+00
7.600873112678527832e-01,-6.810253858566284180e-01
6.184711456298828125e-01,-7.697827816009521484e-01
-2.913333177566528320e-01,9.012626856565475464e-02
-3.186291456222534180e-01,4.972880706191062927e-02
1.261352896690368652e+00,-2.677195370197296143e-01
3.007284104824066162e-01,-9.216094613075256348e-01
2.031815946102142334e-01,-2.173018604516983032e-01
1.624660730361938477e+00,-1.338988840579986572e-01
-4.093829989433288574e-01,1.505480110645294189e-01
1.983620971441268921e-01,-1.087298274040222168e+00
-8.020157814025878906e-01,2.894170582294464111e-02
7.148014008998870850e-02,-2.155482292175292969e+00
-3.384724378585815430e+00,6.378898024559020996e-02
2.910297811031341553e-01,-2.383655548095703125e+00
3.045184612274169922e-01,-1.366518735885620117e-01
3.084394037723541260e-01,-1.955097466707229614e-01
4.891626536846160889e-01,-1.026046574115753174e-01
1.692525982856750488e+00,-1.200376391410827637e+00
4.492377042770385742e-01,-1.190022900700569153e-01
6.283988356590270996e-01,-1.360307931900024414e+00
-1.055102348327636719e+00,1.968760043382644653e-01
2.240429639816284180e+00,-1.818995475769042969e+00
6.645917892456054688e-01,-1.169320106506347656e+00
-1.339405477046966553e-01,2.308496236801147461e-01
-2.135731935501098633e+00,2.023680955171585083e-01
5.777560472488403320e-01,-3.718161880970001221e-01
3.063776493072509766e-01,-3.012825548648834229e-01
1.067533850669860840e+00,-5.431805253028869629e-01
4.089334011077880859e-01,-1.193409442901611328e+00
4.509940147399902344e-01,-6.385489702224731445e-01
1.495688438415527344e+00,-1.211013436317443848e+00
1.299215793609619141e+00,-1.406230807304382324e+00
-7.041106820106506348e-01,1.552599072456359863e-01
1.629856705665588379e+00,-5.994382500648498535e-01
4.432993233203887939e-01,-1.583266496658325195e+00
-6.939246058464050293e-01,1.289724260568618774e-01
1.950213313102722168e-01,-9.148376584053039551e-01
