-1.999276876449584961e+00,3.688665851950645447e-02
-2.001645565032958984e+00,-6.376639008522033691e-03
1.997759103775024414e+00,-4.124262183904647827e-02
-2.002561092376708984e+00,-3.037106762349139899e-05
-1.998574256896972656e+00,-1.350109726190567017e-01
-1.996736049652099609e+00,1.860711351037025452e-02
-1.998440027236938477e+00,1.652134954929351807e-01
1.994826078414916992e+00,-3.934503719210624695e-02
-1.991058468818664551e+00,-2.119737565517425537e-01
-1.989665031433105469e+00,2.141139507293701172e-01
1.992029905319213867e+00,-1.161787062883377075e-01
1.989434123039245605e+00,1.954061985015869141e-01
1.989305019378662109e+00,-1.983106732368469238e-01
-1.995923280715942383e+00,2.078257501125335693e-01
-1.997141361236572266e+00,-2.044680565595626831e-01
2.001659393310546875e+00,-1.608349829912185669e-01
1.987634658813476562e+00,2.376755177974700928e-01
2.006214141845703125e+00,7.295242697000503540e-02
-2.003475189208984375e+00,-1.417156159877777100e-01
1.998249769210815430e+00,-2.048791348934173584e-01
-2.007058382034301758e+00,-6.426272541284561157e-02
-2.001170396804809570e+00,1.871498376131057739e-01
2.000401020050048828e+00,1.956454813480377197e-01
1.991680622100830078e+00,1.457139290869235992e-02
2.008519649505615234e+00,-2.697122748941183090e-03
2.004264116287231445e+00,1.549763977527618408e-01
1.985581398010253906e+00,1.933154314756393433e-01
-1.985231399536132812e+00,-2.784564197063446045e-01
1.989592552185058594e+00,2.760584056377410889e-01
2.002484798431396484e+00,1.885861605405807495e-01
1.982416629791259766e+00,2.584414780139923096e-01
1.990113973617553711e+00,2.114258706569671631e-02
1.990012049674987793e+00,6.405084393918514252e-03
-1.989666461944580078e+00,4.476316645741462708e-02
-1.991895198822021484e+00,-2.857746481895446777e-01
-1.988399505615234375e+00,4.811063408851623535e-02
1.987437248229980469e+00,8.889456093311309814e-02
-1.997749328613281250e+00,2.530723214149475098e-01
-2.002290725708007812e+00,-2.174850106239318848e-01
-1.993763446807861328e+00,2.819720208644866943e-01
-2.012201309204101562e+00,5.424062535166740417e-02
-1.976461648941040039e+00,-3.037565350532531738e-01
-1.981147766113281250e+00,-1.847580373287200928e-01
2.002228021621704102e+00,2.370398938655853271e-01
1.986062288284301758e+00,4.451589658856391907e-02
1.996090292930603027e+00,-2.860031127929687500e-01
-2.013141155242919922e+00,6.557105481624603271e-02
-2.013865470886230469e+00,-1.211300399154424667e-02
-1.987855195999145508e+00,3.275086581707000732e-01
1.986262679100036621e+00,-3.354142904281616211e-01
1.994428753852844238e+00,3.012514710426330566e-01
-1.977651715278625488e+00,-3.555775582790374756e-01
-1.973469257354736328e+00,3.116413950920104980e-01
1.983787536621093750e+00,-8.581053465604782104e-02
2.013327598571777344e+00,-1.014961078763008118e-01
-2.014444351196289062e+00,-6.681089103221893311e-02
2.014122486114501953e+00,7.940412312746047974e-02
-1.972279310226440430e+00,3.294443488121032715e-01
-1.995603084564208984e+00,-3.026119768619537354e-01
2.010935544967651367e+00,-1.605231910943984985e-01
-2.001273155212402344e+00,2.653197944164276123e-01
2.006703376770019531e+00,-2.183054089546203613e-01
-1.982384681701660156e+00,-9.872516989707946777e-02
-1.995141744613647461e+00,-3.088760375976562500e-01
1.973762512207031250e+00,-3.709055483341217041e-01
-1.977223396301269531e+00,-2.056208848953247070e-01
2.008163452148437500e+00,-2.076289951801300049e-01
2.014382123947143555e+00,-1.062779501080513000e-01
1.975128173828125000e+00,2.366638183593750000e-01
-1.973953843116760254e+00,2.535341382026672363e-01
-2.007318973541259766e+00,-2.225467562675476074e-01
1.996284961700439453e+00,3.090710043907165527e-01
1.984581232070922852e+00,3.655219674110412598e-01
-1.982141017913818359e+00,5.890642851591110229e-02
-1.981817007064819336e+00,-5.115233361721038818e-02
1.973788261413574219e+00,-2.346516549587249756e-01
-1.991571187973022461e+00,-3.424401581287384033e-01
-1.981227874755859375e+00,-3.826467096805572510e-01
1.969662427902221680e+00,3.931285738945007324e-01
-1.977331876754760742e+00,3.926561772823333740e-01
1.996412277221679688e+00,3.209244608879089355e-01
1.980947017669677734e+00,-5.557872354984283447e-02
1.968814373016357422e+00,-3.958824872970581055e-01
1.989729404449462891e+00,3.557882905006408691e-01
-2.007130146026611328e+00,2.475359141826629639e-01
-1.967522978782653809e+00,-4.015416204929351807e-01
2.019373416900634766e+00,-3.034381382167339325e-02
2.018465518951416016e+00,9.222913533449172974e-02
-2.015913486480712891e+00,-1.618250608444213867e-01
1.966134548187255859e+00,4.202873706817626953e-01
2.021018505096435547e+00,-2.073128940537571907e-03
1.964674472808837891e+00,4.204504787921905518e-01
1.974195718765258789e+00,4.207657277584075928e-01
-2.014058589935302734e+00,-1.955200135707855225e-01
-1.982092380523681641e+00,4.025979042053222656e-01
1.963022589683532715e+00,-4.173777103424072266e-01
2.008639574050903320e+00,2.614467740058898926e-01
2.006174564361572266e+00,-2.827222347259521484e-01
-1.999769568443298340e+00,3.277561664581298828e-01
-1.976782679557800293e+00,8.212235569953918457e-02
1.968285799026489258e+00,-2.475553452968597412e-01
2.005774974822998047e+00,-2.894590795040130615e-01
-1.965281486511230469e+00,4.387372136116027832e-01
-2.021988868713378906e+00,5.004529654979705811e-02
2.022468090057373047e+00,1.751170493662357330e-02
-1.962668418884277344e+00,-4.375907778739929199e-01
1.976274132728576660e+00,-4.288854002952575684e-01
-2.002340555191040039e+00,-3.180662393569946289e-01
-1.963644862174987793e+00,-3.024482429027557373e-01
-2.001935005187988281e+00,3.216693401336669922e-01
-2.015454053878784180e+00,2.048345357179641724e-01
-1.974382638931274414e+00,1.163976565003395081e-01
-1.961877584457397461e+00,3.224622905254364014e-01
-2.000742435455322266e+00,3.314904868602752686e-01
2.023325443267822266e+00,-1.647950382903218269e-03
-1.965370655059814453e+00,4.490310251712799072e-01
-2.007188796997070312e+00,-2.877186536788940430e-01
2.018607139587402344e+00,1.687951982021331787e-01
1.958690643310546875e+00,-3.603554069995880127e-01
-2.020886898040771484e+00,1.331829279661178589e-01
-1.997051596641540527e+00,-3.574753105640411377e-01
1.960333943367004395e+00,4.535492956638336182e-01
1.962268710136413574e+00,-3.018905520439147949e-01
2.011055469512939453e+00,2.632455229759216309e-01
1.960245609283447266e+00,3.221861124038696289e-01
1.969369053840637207e+00,-1.867945343255996704e-01
2.021553516387939453e+00,-1.444786638021469116e-01
-1.966681480407714844e+00,4.640918970108032227e-01
2.018929481506347656e+00,-1.903071105480194092e-01
-1.973273992538452148e+00,6.093740463256835938e-02
-1.958007931709289551e+00,4.727372825145721436e-01
-1.965636968612670898e+00,-4.751037955284118652e-01
1.952786445617675781e+00,4.684296548366546631e-01
1.961598634719848633e+00,-2.662978470325469971e-01
-1.950509071350097656e+00,-4.392585158348083496e-01
-1.966837763786315918e+00,4.797664284706115723e-01
-1.950534105300903320e+00,4.528753459453582764e-01
1.955778360366821289e+00,4.858604371547698975e-01
-1.960116505622863770e+00,-2.772330641746520996e-01
-2.008738040924072266e+00,3.142142295837402344e-01
2.024059772491455078e+00,1.521197557449340820e-01
1.955656886100769043e+00,4.943127930164337158e-01
-1.993550062179565430e+00,4.050837159156799316e-01
-1.970944762229919434e+00,-3.922492265701293945e-02
-1.948849439620971680e+00,-4.151821136474609375e-01
1.962248802185058594e+00,4.980154037475585938e-01
-2.006882667541503906e+00,3.368967771530151367e-01
1.968086242675781250e+00,-1.157715842127799988e-01
1.957575798034667969e+00,5.052175521850585938e-01
1.950694799423217773e+00,-5.004419684410095215e-01
-1.947761535644531250e+00,-4.886701405048370361e-01
1.980643033981323242e+00,-4.600328207015991211e-01
1.995039463043212891e+00,-4.052969813346862793e-01
-2.029696464538574219e+00,-4.091458767652511597e-02
-2.024300098419189453e+00,1.859703958034515381e-01
1.979971289634704590e+00,4.670470356941223145e-01
2.026424646377563477e+00,-1.609174013137817383e-01
-1.965465784072875977e+00,-5.049791336059570312e-01
1.956095933914184570e+00,-2.859227955341339111e-01
1.973975658416748047e+00,-4.866218268871307373e-01
1.955948114395141602e+00,2.845532596111297607e-01
-2.028251171112060547e+00,1.328815817832946777e-01
-1.944644808769226074e+00,5.035377740859985352e-01
-1.977994203567504883e+00,-4.788039028644561768e-01
-1.956653952598571777e+00,-2.673445940017700195e-01
1.948652386665344238e+00,-3.657045364379882812e-01
-1.942806243896484375e+00,-4.936960339546203613e-01
1.958169937133789062e+00,-2.439908981323242188e-01
-1.966743350028991699e+00,8.068106323480606079e-02
-1.963865280151367188e+00,5.152722001075744629e-01
-1.943096399307250977e+00,-4.384704828262329102e-01
-1.950170516967773438e+00,-5.267868638038635254e-01
1.967122793197631836e+00,4.377558827400207520e-02
1.966184616088867188e+00,-8.329930156469345093e-02
-1.962157487869262695e+00,-5.209196209907531738e-01
2.009409904479980469e+00,-3.450561165809631348e-01
-1.964592218399047852e+00,1.228353604674339294e-01
-2.031422138214111328e+00,9.437009692192077637e-02
1.946033000946044922e+00,-5.305163860321044922e-01
1.940624237060546875e+00,-5.014080405235290527e-01
-2.032871007919311523e+00,4.530711472034454346e-02
1.964874267578125000e+00,-1.036977022886276245e-01
-1.942118406295776367e+00,4.278028607368469238e-01
-2.030903100967407227e+00,-1.239261701703071594e-01
-2.031043529510498047e+00,1.207837611436843872e-01
1.964396953582763672e+00,1.061220243573188782e-01
1.958902716636657715e+00,2.051319777965545654e-01
-2.009038686752319336e+00,3.569548726081848145e-01
2.029225349426269531e+00,-1.700883656740188599e-01
-2.034513473510742188e+00,-2.098101191222667694e-02
1.961043834686279297e+00,-1.569895744323730469e-01
1.945570349693298340e+00,-3.629038631916046143e-01
2.019612073898315430e+00,-2.866356372833251953e-01
-2.034997463226318359e+00,5.588321946561336517e-04
-1.961389541625976562e+00,1.438836455345153809e-01
-2.020460128784179688e+00,-2.811304032802581787e-01
1.964843988418579102e+00,1.354607008397579193e-02
1.944966316223144531e+00,-3.651295006275177002e-01
-1.949604511260986328e+00,-3.069974184036254883e-01
-1.964215993881225586e+00,6.980428006500005722e-03
-1.958396673202514648e+00,1.849738508462905884e-01
-2.006538867950439453e+00,3.832833170890808105e-01
1.935488104820251465e+00,5.198336243629455566e-01
-1.953672885894775391e+00,2.508637607097625732e-01
-1.952913880348205566e+00,-2.604525089263916016e-01
1.963513255119323730e+00,-5.153844505548477173e-02
1.935999393463134766e+00,-5.429086685180664062e-01
-1.957475185394287109e+00,1.861433535814285278e-01
1.935816287994384766e+00,-5.453324317932128906e-01
-1.943003416061401367e+00,5.630040764808654785e-01
-1.966934919357299805e+00,5.359720587730407715e-01
1.947727203369140625e+00,-5.648031830787658691e-01
-1.936360359191894531e+00,-5.553544759750366211e-01
-1.933119773864746094e+00,5.308103561401367188e-01
2.019055604934692383e+00,3.127013444900512695e-01
1.935127258300781250e+00,5.520475506782531738e-01
1.960249662399291992e+00,-5.531694889068603516e-01
1.935613155364990234e+00,4.414940476417541504e-01
2.037489414215087891e+00,4.586309567093849182e-02
1.961886048316955566e+00,2.431797981262207031e-02
-2.012480258941650391e+00,3.629212677478790283e-01
1.961648225784301758e+00,5.531121492385864258e-01
1.961467981338500977e+00,5.191995878703892231e-04
-1.955533862113952637e+00,1.856832504272460938e-01
1.943236827850341797e+00,-3.417215943336486816e-01
-1.960057735443115234e+00,8.360666036605834961e-02
1.958299160003662109e+00,1.212585121393203735e-01
1.956401824951171875e+00,1.604015976190567017e-01
2.027292728424072266e+00,2.568714320659637451e-01
2.017173290252685547e+00,3.420174419879913330e-01
2.034390926361083984e+00,-1.696615219116210938e-01
1.932487487792968750e+00,4.525108337402343750e-01
2.034766435623168945e+00,1.670459657907485962e-01
2.020930767059326172e+00,3.171256184577941895e-01
1.960094928741455078e+00,-2.472256124019622803e-02
-1.956680536270141602e+00,-5.711153745651245117e-01
1.959276914596557617e+00,-6.336116790771484375e-02
2.025595188140869141e+00,2.809300124645233154e-01
1.927832841873168945e+00,-5.254061818122863770e-01
1.928587317466735840e+00,5.001792311668395996e-01
1.936067461967468262e+00,5.857330560684204102e-01
-2.026497840881347656e+00,-2.745715379714965820e-01
1.944449424743652344e+00,3.076604008674621582e-01
1.938696384429931641e+00,-3.702658414840698242e-01
1.959218978881835938e+00,4.404485970735549927e-02
-2.039533138275146484e+00,-7.496090978384017944e-02
-1.929852604866027832e+00,-5.750402212142944336e-01
-1.944154024124145508e+00,5.897257328033447266e-01
-1.953316450119018555e+00,5.805131196975708008e-01
1.965032458305358887e+00,5.591935515403747559e-01
1.928818225860595703e+00,-4.795962274074554443e-01
1.957340240478515625e+00,5.750894546508789062e-01
2.036859989166259766e+00,1.556365489959716797e-01
-1.925806999206542969e+00,5.327026844024658203e-01
1.934901475906372070e+00,5.941697955131530762e-01
1.928395628929138184e+00,-5.816161632537841797e-01
-1.926025271415710449e+00,-5.642173290252685547e-01
1.931089162826538086e+00,4.405407309532165527e-01
-1.998573303222656250e+00,4.556210339069366455e-01
2.041216611862182617e+00,-4.563437029719352722e-02
2.040577888488769531e+00,-7.961219549179077148e-02
1.945530891418457031e+00,-2.744691371917724609e-01
-1.956857442855834961e+00,7.607760280370712280e-02
-2.034095287322998047e+00,-2.178287208080291748e-01
1.953974008560180664e+00,-1.409931033849716187e-01
2.042834520339965820e+00,1.231864653527736664e-02
-1.922894597053527832e+00,-5.303544402122497559e-01
-1.922817230224609375e+00,5.695127844810485840e-01
2.042744398117065430e+00,-4.614125937223434448e-02
1.950317144393920898e+00,5.979136228561401367e-01
-1.922619581222534180e+00,5.705099105834960938e-01
-1.945303916931152344e+00,2.632792592048645020e-01
-1.941476106643676758e+00,3.076494336128234863e-01
1.924613237380981445e+00,4.932603240013122559e-01
-1.970340728759765625e+00,-5.588107705116271973e-01
1.942232608795166016e+00,-6.083599328994750977e-01
2.034577846527099609e+00,-2.255525887012481689e-01
-2.039171457290649414e+00,1.613703966140747070e-01
2.040108680725097656e+00,-1.442759782075881958e-01
-2.041592836380004883e+00,-1.115198582410812378e-01
-1.922710657119750977e+00,5.891650915145874023e-01
1.977323055267333984e+00,-5.429434180259704590e-01
-2.043222427368164062e+00,-6.475500762462615967e-02
1.920801401138305664e+00,-5.765746235847473145e-01
2.041568517684936523e+00,-1.252005845308303833e-01
-1.947378396987915039e+00,6.087599992752075195e-01
2.028043270111083984e+00,-2.998346090316772461e-01
-1.923129916191101074e+00,-4.907571077346801758e-01
1.934273719787597656e+00,3.700666129589080811e-01
1.954556107521057129e+00,7.076529413461685181e-02
1.968512177467346191e+00,5.697786808013916016e-01
-1.931760549545288086e+00,-3.927317261695861816e-01
2.034352302551269531e+00,-2.424392849206924438e-01
-1.964354991912841797e+00,-5.809458494186401367e-01
-1.927350282669067383e+00,4.365203380584716797e-01
2.039258718490600586e+00,-1.857894062995910645e-01
1.993790745735168457e+00,4.951053857803344727e-01
-1.954179525375366211e+00,3.285936266183853149e-02
-1.934213161468505859e+00,-3.519157171249389648e-01
1.944898009300231934e+00,-6.209713220596313477e-01
-1.920409202575683594e+00,-6.146470308303833008e-01
-1.964622735977172852e+00,-5.874851346015930176e-01
1.932525634765625000e+00,-3.654181659221649170e-01
-2.038656949996948242e+00,2.121071219444274902e-01
1.948728799819946289e+00,-1.630676835775375366e-01
-1.918348073959350586e+00,6.121230721473693848e-01
1.926064729690551758e+00,-4.250034689903259277e-01
-1.967359185218811035e+00,5.838463306427001953e-01
-1.976893544197082520e+00,-5.589103102684020996e-01
1.929012537002563477e+00,-6.356688141822814941e-01
2.026560306549072266e+00,-3.332744836807250977e-01
1.950406551361083984e+00,-1.159913465380668640e-01
-2.030970335006713867e+00,-3.026988506317138672e-01
2.003389120101928711e+00,4.676307141780853271e-01
1.949890851974487305e+00,1.111842840909957886e-01
-2.023030281066894531e+00,3.647833466529846191e-01
-1.935686588287353516e+00,6.403984427452087402e-01
1.974542617797851562e+00,5.707267522811889648e-01
-2.031473159790039062e+00,3.037846684455871582e-01
1.916449308395385742e+00,-6.278538107872009277e-01
-1.946496009826660156e+00,6.304609775543212891e-01
-1.934197902679443359e+00,3.241500854492187500e-01
2.047310352325439453e+00,9.980019181966781616e-02
1.955290675163269043e+00,6.187002658843994141e-01
-2.000527620315551758e+00,4.871326684951782227e-01
-1.924133062362670898e+00,4.192144870758056641e-01
-1.950115680694580078e+00,-5.632159113883972168e-02
2.047775268554687500e+00,9.939657151699066162e-02
-1.932820320129394531e+00,-3.307156860828399658e-01
1.950216650962829590e+00,-3.971596434712409973e-02
1.951126098632812500e+00,6.284740567207336426e-01
-2.037401199340820312e+00,2.617712616920471191e-01
1.944394826889038086e+00,-1.832634657621383667e-01
-1.940124392509460449e+00,6.452285051345825195e-01
1.947302699089050293e+00,1.274407058954238892e-01
2.049892425537109375e+00,5.547479726374149323e-03
1.920520663261413574e+00,-4.471403956413269043e-01
-1.942352771759033203e+00,-2.118829339742660522e-01
-1.938321590423583984e+00,-2.626252174377441406e-01
-2.045058488845825195e+00,-1.716767996549606323e-01
1.912710189819335938e+00,5.280144810676574707e-01
-1.919141292572021484e+00,-4.577297866344451904e-01
2.050037860870361328e+00,3.527371585369110107e-02
2.049837350845336914e+00,5.080934613943099976e-02
-1.916253805160522461e+00,4.834751486778259277e-01
-1.947969317436218262e+00,9.389404952526092529e-02
-1.947093009948730469e+00,-1.174888312816619873e-01
-1.946585416793823242e+00,-1.278428137302398682e-01
2.032752990722656250e+00,3.150089979171752930e-01
-1.931323885917663574e+00,6.584388017654418945e-01
-1.908411264419555664e+00,-6.105563044548034668e-01
1.909116744995117188e+00,-6.240595579147338867e-01
-2.033849239349365234e+00,3.071400225162506104e-01
-1.911174416542053223e+00,6.408044695854187012e-01
-1.926304578781127930e+00,3.790225386619567871e-01
1.931578159332275391e+00,-6.595362424850463867e-01
1.922691464424133301e+00,4.119720160961151123e-01
1.956105470657348633e+00,6.273008584976196289e-01
1.913841962814331055e+00,6.561547517776489258e-01
-1.956695556640625000e+00,-6.274294257164001465e-01
-1.926398277282714844e+00,-3.688245713710784912e-01
-2.042993068695068359e+00,2.265179753303527832e-01
-2.010061979293823242e+00,4.606164097785949707e-01
-1.918168306350708008e+00,4.454976618289947510e-01
1.943507194519042969e+00,-1.575838327407836914e-01
-2.049382209777832031e+00,1.326464712619781494e-01
1.944845676422119141e+00,-1.202063411474227905e-01
1.981099843978881836e+00,-5.723198652267456055e-01
1.925234198570251465e+00,6.725763678550720215e-01
1.957258343696594238e+00,6.323942542076110840e-01
-1.928112268447875977e+00,-6.724455952644348145e-01
-1.916847825050354004e+00,4.478275775909423828e-01
2.044623613357543945e+00,2.206929624080657959e-01
-2.045146226882934570e+00,-2.152493745088577271e-01
2.053213596343994141e+00,1.213177945464849472e-02
1.943544030189514160e+00,-6.582944989204406738e-01
1.982723593711853027e+00,-5.706447958946228027e-01
-1.930059671401977539e+00,-3.151716589927673340e-01
-2.038094520568847656e+00,2.948564291000366211e-01
-2.013621807098388672e+00,4.532151222229003906e-01
-2.050045967102050781e+00,1.480414569377899170e-01
1.923674821853637695e+00,-6.791287660598754883e-01
1.915551185607910156e+00,-4.506568014621734619e-01
-2.054239034652709961e+00,1.154122222214937210e-02
1.946639299392700195e+00,6.579399704933166504e-01
-1.961747646331787109e+00,6.301784515380859375e-01
2.021684408187866211e+00,4.159891605377197266e-01
1.994366645812988281e+00,5.375770330429077148e-01
-2.052740573883056641e+00,-1.064051985740661621e-01
-1.998573064804077148e+00,-5.224429368972778320e-01
1.920943975448608398e+00,-6.847931146621704102e-01
1.902898788452148438e+00,-6.527619361877441406e-01
2.051397562026977539e+00,-1.409406512975692749e-01
-2.017943382263183594e+00,-4.372928738594055176e-01
-1.923109531402587891e+00,6.848744153976440430e-01
-2.012908697128295898e+00,-4.657690823078155518e-01
2.055506467819213867e+00,1.415992621332406998e-02
1.907837748527526855e+00,6.826246976852416992e-01
-1.941482663154602051e+00,6.715148687362670898e-01
1.906794190406799316e+00,-6.810878515243530273e-01
-1.901443004608154297e+00,-6.603501439094543457e-01
1.924553632736206055e+00,3.473452925682067871e-01
-1.933912515640258789e+00,-2.421371787786483765e-01
1.913109898567199707e+00,6.928784847259521484e-01
2.042031526565551758e+00,2.827768027782440186e-01
-1.933856248855590820e+00,-2.358646988868713379e-01
-1.920625448226928711e+00,-3.741278648376464844e-01
-1.901519298553466797e+00,5.539437532424926758e-01
1.970391035079956055e+00,6.202431917190551758e-01
-1.935551762580871582e+00,-2.060680836439132690e-01
-1.903872728347778320e+00,-5.267223715782165527e-01
2.042091608047485352e+00,2.908381223678588867e-01
1.904814720153808594e+00,-5.163276195526123047e-01
-2.049728155136108398e+00,2.079823613166809082e-01
-2.032594680786132812e+00,3.660013675689697266e-01
1.897402286529541016e+00,6.032698750495910645e-01
2.043698787689208984e+00,2.815140783786773682e-01
-1.939314007759094238e+00,-1.245922893285751343e-01
2.055801153182983398e+00,1.145789846777915955e-01
-1.938568353652954102e+00,-1.387460529804229736e-01
1.913395404815673828e+00,7.055066823959350586e-01
-2.046665430068969727e+00,-2.583514153957366943e-01
-2.010180950164794922e+00,-4.938725233078002930e-01
1.906444072723388672e+00,4.855336546897888184e-01
-1.925549268722534180e+00,3.078427910804748535e-01
2.053051471710205078e+00,1.836726367473602295e-01
2.001374959945678711e+00,5.316088199615478516e-01
-1.894555330276489258e+00,6.676232814788818359e-01
-1.896580219268798828e+00,5.802786350250244141e-01
1.930814504623413086e+00,-7.002941370010375977e-01
1.940079689025878906e+00,-6.118857488036155701e-02
1.925237417221069336e+00,-7.068396806716918945e-01
2.009861230850219727e+00,-4.992976784706115723e-01
-1.912581205368041992e+00,-4.218126833438873291e-01
1.897626161575317383e+00,5.593787431716918945e-01
1.918406009674072266e+00,3.682904243469238281e-01
1.940126180648803711e+00,-3.521162644028663635e-02
1.905193567276000977e+00,4.857599437236785889e-01
1.921257495880126953e+00,3.390074670314788818e-01
-1.944454550743103027e+00,-6.850885152816772461e-01
1.956341266632080078e+00,6.634881496429443359e-01
-2.029884338378906250e+00,4.012143611907958984e-01
1.900066137313842773e+00,-5.302311182022094727e-01
-1.938521862030029297e+00,8.854666352272033691e-02
1.938701629638671875e+00,-7.930203527212142944e-02
-1.913841485977172852e+00,-4.036109447479248047e-01
-1.928781509399414062e+00,7.081351280212402344e-01
-1.899471282958984375e+00,-5.318336486816406250e-01
1.950428485870361328e+00,6.769158244132995605e-01
1.898236870765686035e+00,-5.426780581474304199e-01
-1.950413703918457031e+00,-6.781917214393615723e-01
2.059540271759033203e+00,8.356189727783203125e-02
-1.930392742156982422e+00,-2.255657017230987549e-01
2.060867547988891602e+00,5.738863721489906311e-03
-2.052570104598999023e+00,-2.200161069631576538e-01
1.915558934211730957e+00,3.802632987499237061e-01
-1.928130626678466797e+00,2.512180805206298828e-01
-2.037769556045532227e+00,-3.587562441825866699e-01
1.907945871353149414e+00,4.463278055191040039e-01
-1.919288396835327148e+00,3.425575494766235352e-01
2.000107288360595703e+00,-5.476787090301513672e-01
2.061369419097900391e+00,9.644879028201103210e-03
-2.041685581207275391e+00,3.312008380889892578e-01
1.988879799842834473e+00,5.865824222564697266e-01
-1.891052961349487305e+00,-6.949671506881713867e-01
2.061838150024414062e+00,-1.609974727034568787e-02
-1.888253927230834961e+00,-6.460531949996948242e-01
1.936942100524902344e+00,7.222603261470794678e-02
-2.038738965988159180e+00,-3.591288626194000244e-01
1.937704682350158691e+00,4.896816797554492950e-03
1.910381913185119629e+00,-4.123197197914123535e-01
1.937251806259155273e+00,-1.036441512405872345e-02
1.887109518051147461e+00,6.806431412696838379e-01
-2.031438350677490234e+00,4.121664166450500488e-01
1.936123847961425781e+00,6.694331765174865723e-02
1.985522508621215820e+00,6.038392186164855957e-01
-1.906972885131835938e+00,7.354589700698852539e-01
1.919556498527526855e+00,7.304543256759643555e-01
-1.885861396789550781e+00,-6.661704778671264648e-01
2.025580883026123047e+00,4.468413591384887695e-01
1.908155322074890137e+00,4.207637310028076172e-01
1.898741126060485840e+00,-4.992688894271850586e-01
1.913955926895141602e+00,3.669182062149047852e-01
1.911315441131591797e+00,-3.897541761398315430e-01
-1.917932271957397461e+00,-3.280267715454101562e-01
1.912736415863037109e+00,-3.767539262771606445e-01
1.935021758079528809e+00,-6.045743823051452637e-02
2.058509349822998047e+00,-1.869149804115295410e-01
-2.059209346771240234e+00,-1.802058517932891846e-01
1.883108139038085938e+00,-6.595355272293090820e-01
-1.917082071304321289e+00,-3.256574273109436035e-01
-1.887884616851806641e+00,-5.840208530426025391e-01
1.882874965667724609e+00,6.492421627044677734e-01
-2.009409427642822266e+00,5.309830904006958008e-01
1.930948495864868164e+00,-1.413394361734390259e-01
-2.065177917480468750e+00,-5.097011849284172058e-02
-1.889883041381835938e+00,5.597307085990905762e-01
1.933891773223876953e+00,7.259373664855957031e-01
-1.914594769477844238e+00,-7.462161779403686523e-01
2.058761119842529297e+00,2.030551582574844360e-01
1.888329982757568359e+00,-7.375451922416687012e-01
-1.971764087677001953e+00,-6.531240344047546387e-01
2.017900466918945312e+00,-4.992764592170715332e-01
-2.066271305084228516e+00,7.493987679481506348e-03
-1.899365425109863281e+00,7.527762651443481445e-01
-1.950890064239501953e+00,7.002147436141967773e-01
-1.925830006599426270e+00,2.105666697025299072e-01
-1.899668455123901367e+00,-4.661862552165985107e-01
-1.879648208618164062e+00,6.768323183059692383e-01
-1.888901710510253906e+00,5.559347867965698242e-01
1.879510760307312012e+00,-6.845719814300537109e-01
1.880263209342956543e+00,-6.545171737670898438e-01
1.913885354995727539e+00,-7.522252798080444336e-01
-2.048993110656738281e+00,-3.184148073196411133e-01
-1.883844494819641113e+00,-6.025468111038208008e-01
-1.926519155502319336e+00,1.918574571609497070e-01
1.898529410362243652e+00,7.569946050643920898e-01
1.991496205329895020e+00,-6.021240949630737305e-01
1.932346105575561523e+00,5.039963498711585999e-02
-1.930603027343750000e+00,-7.366256117820739746e-01
1.929239511489868164e+00,-1.391454488039016724e-01
-1.969901084899902344e+00,-6.637187004089355469e-01
-1.882752895355224609e+00,-6.054356694221496582e-01
-1.910294294357299805e+00,-3.650925457477569580e-01
1.880411386489868164e+00,6.309921741485595703e-01
-1.894671440124511719e+00,7.595927715301513672e-01
-2.006791591644287109e+00,-5.520291328430175781e-01
-1.916156768798828125e+00,-3.026233911514282227e-01
-1.929623007774353027e+00,-1.075116544961929321e-01
-1.900599479675292969e+00,-4.426738321781158447e-01
-2.057960748672485352e+00,-2.482507526874542236e-01
-1.931161880493164062e+00,-2.614544332027435303e-02
1.997067332267761230e+00,-5.910900831222534180e-01
1.895691990852355957e+00,-4.763743877410888672e-01
-2.065401554107666016e+00,-1.477076709270477295e-01
-1.894061565399169922e+00,-4.873592257499694824e-01
-1.899948835372924805e+00,4.382199347019195557e-01
-1.901188731193542480e+00,4.277058243751525879e-01
2.033016443252563477e+00,4.430489540100097656e-01
-1.929848670959472656e+00,-4.526301473379135132e-02
-2.015415668487548828e+00,5.274922847747802734e-01
1.885820031166076660e+00,5.500459074974060059e-01
1.921169042587280273e+00,2.228009104728698730e-01
2.058107614517211914e+00,-2.645548284053802490e-01
-2.027592182159423828e+00,-4.750447869300842285e-01
-1.924550414085388184e+00,-1.688244789838790894e-01
1.879756093025207520e+00,-5.975559353828430176e-01
1.875763654708862305e+00,6.396282911300659180e-01
2.064257144927978516e+00,-1.925082504749298096e-01
-2.015714168548583984e+00,-5.298798084259033203e-01
1.900182962417602539e+00,-7.777042388916015625e-01
-2.058531522750854492e+00,-2.669988274574279785e-01
1.875159502029418945e+00,7.473415136337280273e-01
2.064320802688598633e+00,1.972354650497436523e-01
1.874219417572021484e+00,-6.518957614898681641e-01
-2.048270702362060547e+00,-3.573775887489318848e-01
-1.915451645851135254e+00,2.788603007793426514e-01
2.051430225372314453e+00,-3.339482545852661133e-01
-1.910624980926513672e+00,-3.277209699153900146e-01
-1.919371604919433594e+00,-2.314722687005996704e-01
-2.060709238052368164e+00,2.483866810798645020e-01
1.871007680892944336e+00,7.235488295555114746e-01
-2.022759914398193359e+00,-5.051903724670410156e-01
1.900355100631713867e+00,-4.121071696281433105e-01
1.910653114318847656e+00,-3.192210793495178223e-01
1.913114547729492188e+00,-2.923321425914764404e-01
1.918566465377807617e+00,-2.281530350446701050e-01
1.963122010231018066e+00,6.976982355117797852e-01
-1.892162084579467773e+00,4.752897024154663086e-01
1.872661352157592773e+00,6.450133323669433594e-01
-1.910990953445434570e+00,-3.106265664100646973e-01
1.921376705169677734e+00,7.707449197769165039e-01
-1.884233593940734863e+00,-5.333573818206787109e-01
1.892571449279785156e+00,4.668530523777008057e-01
-1.880120515823364258e+00,-7.833381891250610352e-01
-1.869405269622802734e+00,6.741603612899780273e-01
2.048633098602294922e+00,-3.717712461948394775e-01
-1.891773939132690430e+00,-7.928305864334106445e-01
2.004258155822753906e+00,5.870990157127380371e-01
1.880670070648193359e+00,7.882368564605712891e-01
-2.036423206329345703e+00,-4.488157033920288086e-01
-2.043498754501342773e+00,4.085096418857574463e-01
1.928960561752319336e+00,-7.650717496871948242e-01
1.894860267639160156e+00,-4.401720464229583740e-01
1.977360963821411133e+00,-6.702501177787780762e-01
1.975332856178283691e+00,6.758898496627807617e-01
2.073357820510864258e+00,7.827698439359664917e-02
-1.895673513412475586e+00,-4.295588135719299316e-01
-1.974061489105224609e+00,-6.798512339591979980e-01
-1.899290442466735840e+00,3.978528678417205811e-01
1.988418102264404297e+00,6.420481801033020020e-01
1.924610137939453125e+00,5.203638225793838501e-02
-1.865072727203369141e+00,7.082611918449401855e-01
-1.865365982055664062e+00,-7.526475191116333008e-01
1.922166585922241211e+00,1.132347136735916138e-01
1.870544314384460449e+00,-6.237043142318725586e-01
-1.867818832397460938e+00,-6.500117182731628418e-01
2.019556760787963867e+00,-5.379179716110229492e-01
1.868027687072753906e+00,-7.778767347335815430e-01
-2.071225643157958984e+00,-1.644992232322692871e-01
2.039054155349731445e+00,4.473487138748168945e-01
1.864065647125244141e+00,7.560030221939086914e-01
1.911046981811523438e+00,2.733197510242462158e-01
2.072458744049072266e+00,-1.455771625041961670e-01
-1.903006911277770996e+00,8.006387948989868164e-01
1.965614557266235352e+00,7.058664560317993164e-01
1.863137125968933105e+00,-7.488273978233337402e-01
-2.048264503479003906e+00,3.954980373382568359e-01
1.915589570999145508e+00,2.114466726779937744e-01
-1.862069606781005859e+00,7.209991812705993652e-01
2.055817842483520508e+00,-3.431173563003540039e-01
1.865683317184448242e+00,6.579504609107971191e-01
1.918677449226379395e+00,-1.616812497377395630e-01
1.868862628936767578e+00,6.253820061683654785e-01
1.988341808319091797e+00,6.504415273666381836e-01
-1.876332163810729980e+00,-5.605605840682983398e-01
1.862410783767700195e+00,-6.970900297164916992e-01
-1.869210004806518555e+00,-6.185519695281982422e-01
1.871186971664428711e+00,8.001339435577392578e-01
2.072389841079711914e+00,-1.689527630805969238e-01
1.868909597396850586e+00,-6.182921528816223145e-01
-1.971137166023254395e+00,6.975368261337280273e-01
2.058046340942382812e+00,3.312212526798248291e-01
-1.905332088470458984e+00,3.180822432041168213e-01
1.903868794441223145e+00,3.309222459793090820e-01
-2.061253547668457031e+00,-3.053826689720153809e-01
-1.870489597320556641e+00,-6.004981994628906250e-01
-1.894397020339965820e+00,4.118716120719909668e-01
1.921657323837280273e+00,5.893812328577041626e-02
1.866903305053710938e+00,-7.953447103500366211e-01
1.861405372619628906e+00,7.697528600692749023e-01
2.019153356552124023e+00,5.496525764465332031e-01
1.983011126518249512e+00,-6.690728664398193359e-01
2.064012765884399414e+00,-2.826150953769683838e-01
1.917905092239379883e+00,-1.515032052993774414e-01
2.060436487197875977e+00,3.169171214103698730e-01
-1.859763979911804199e+00,-7.574945688247680664e-01
2.078069210052490234e+00,-2.265979535877704620e-02
1.868340611457824707e+00,-6.131979227066040039e-01
2.041214466094970703e+00,-4.487343430519104004e-01
1.908855438232421875e+00,-2.711224257946014404e-01
-1.885078668594360352e+00,-8.184226155281066895e-01
-2.075263500213623047e+00,1.407618969678878784e-01
-1.908505678176879883e+00,-8.075898885726928711e-01
2.046115159988403320e+00,4.241258203983306885e-01
1.920314073562622070e+00,-6.718613952398300171e-02
1.859862089157104492e+00,7.782760262489318848e-01
-1.920820236206054688e+00,4.015191271901130676e-02
-2.078576326370239258e+00,4.529055207967758179e-02
-1.920604944229125977e+00,4.580948129296302795e-02
-1.857907891273498535e+00,7.602567672729492188e-01
-2.008334159851074219e+00,-5.963224768638610840e-01
1.868635654449462891e+00,6.004176735877990723e-01
-1.919574022293090820e+00,-7.571215182542800903e-02
2.037269830703735352e+00,4.764128327369689941e-01
-1.915424108505249023e+00,-1.690225750207901001e-01
1.919005870819091797e+00,-9.042029082775115967e-02
1.884482383728027344e+00,4.745790660381317139e-01
-1.937166213989257812e+00,7.738183736801147461e-01
2.014920711517333984e+00,-5.747718214988708496e-01
-1.976952552795410156e+00,-6.925577521324157715e-01
1.887935876846313477e+00,8.251234292984008789e-01
1.899513006210327148e+00,-8.200496435165405273e-01
2.078283786773681641e+00,-1.077913790941238403e-01
-1.944036126136779785e+00,7.646549940109252930e-01
-1.867123126983642578e+00,6.016979813575744629e-01
-2.075587034225463867e+00,1.690705120563507080e-01
-1.900535702705383301e+00,3.341401815414428711e-01
1.882136464118957520e+00,4.817239642143249512e-01
-1.894405841827392578e+00,-8.272469043731689453e-01
-2.045046567916870117e+00,-4.440519809722900391e-01
1.918630242347717285e+00,-3.660982474684715271e-02
-1.915613293647766113e+00,-1.293049007654190063e-01
2.014672756195068359e+00,5.830616354942321777e-01
1.865492343902587891e+00,6.034914851188659668e-01
-1.914033412933349609e+00,-1.565791964530944824e-01
1.933619856834411621e+00,-7.867274880409240723e-01
2.008785963058471680e+00,6.052919030189514160e-01
1.917255640029907227e+00,-7.579970359802246094e-02
-1.853144645690917969e+00,-7.746348381042480469e-01
2.061190843582153320e+00,3.422984480857849121e-01
1.853853702545166016e+00,7.072716951370239258e-01
-1.873353481292724609e+00,-5.367985367774963379e-01
-1.936744093894958496e+00,-7.839616537094116211e-01
1.895372390747070312e+00,3.634616732597351074e-01
-1.853288412094116211e+00,7.106488347053527832e-01
-1.906125545501708984e+00,-2.565240859985351562e-01
-1.917117118835449219e+00,-4.437885060906410217e-02
1.855980157852172852e+00,-8.107753992080688477e-01
1.913213253021240234e+00,-1.514109224081039429e-01
-2.080525398254394531e+00,1.149721890687942505e-01
1.950489878654479980e+00,-7.613056898117065430e-01
2.042512416839599609e+00,-4.677252769470214844e-01
-1.917487978935241699e+00,8.140332698822021484e-01
1.857911586761474609e+00,-6.507552266120910645e-01
-2.082096815109252930e+00,-7.668298482894897461e-02
-1.871830224990844727e+00,-5.379375219345092773e-01
-1.915454387664794922e+00,-6.880074739456176758e-02
-2.076102018356323242e+00,2.131306827068328857e-01
1.854877948760986328e+00,-8.199555873870849609e-01
-1.868056654930114746e+00,-5.616739392280578613e-01
1.951833248138427734e+00,-7.628851532936096191e-01
-1.862492084503173828e+00,6.031275987625122070e-01
-1.919557213783264160e+00,8.153797388076782227e-01
-2.080379486083984375e+00,-1.474802494049072266e-01
1.913696527481079102e+00,1.101114898920059204e-01
1.860659122467041016e+00,-8.363112211227416992e-01
-1.857991456985473633e+00,-8.318232893943786621e-01
-1.915482282638549805e+00,-4.024215787649154663e-02
2.075894832611083984e+00,2.217467576265335083e-01
-1.894445896148681641e+00,-8.420598506927490234e-01
-1.896024584770202637e+00,-3.375083208084106445e-01
-1.867782831192016602e+00,8.460508584976196289e-01
1.874881625175476074e+00,5.061082839965820312e-01
1.914977312088012695e+00,-5.025691539049148560e-02
2.071440219879150391e+00,2.766172587871551514e-01
-2.082850694656372070e+00,-1.023909598588943481e-01
1.978712558746337891e+00,7.062976360321044922e-01
-1.911109328269958496e+00,8.290787935256958008e-01
-1.945846319198608398e+00,-7.781350612640380859e-01
2.056528329849243164e+00,4.003993272781372070e-01
-1.912076234817504883e+00,1.231427341699600220e-01
1.886051058769226074e+00,-4.150964319705963135e-01
-1.998004317283630371e+00,6.545761227607727051e-01
-1.912798762321472168e+00,-1.028019636869430542e-01
2.074614286422729492e+00,-2.501645088195800781e-01
1.948337316513061523e+00,7.744143605232238770e-01
-1.850328445434570312e+00,8.219957351684570312e-01
-1.932989358901977539e+00,8.018939495086669922e-01
-1.914236307144165039e+00,1.836586371064186096e-02
2.054995536804199219e+00,4.139554500579833984e-01
1.883667230606079102e+00,-4.296282529830932617e-01
2.079102039337158203e+00,2.013528496026992798e-01
-2.018519878387451172e+00,-5.885892510414123535e-01
1.867776870727539062e+00,-5.457686185836791992e-01
1.846338629722595215e+00,-8.075240850448608398e-01
-1.908389568328857422e+00,-1.743439733982086182e-01
1.860732555389404297e+00,-8.510383367538452148e-01
2.038284063339233398e+00,5.075377225875854492e-01
-1.913572311401367188e+00,-2.684399252757430077e-03
2.041013240814208984e+00,-4.952076077461242676e-01
-1.853062748908996582e+00,8.402220010757446289e-01
-1.863815188407897949e+00,5.714347362518310547e-01
1.859141707420349121e+00,-6.060134172439575195e-01
-1.844118356704711914e+00,-7.917160987854003906e-01
1.912330150604248047e+00,6.321807205677032471e-02
1.883185148239135742e+00,8.593077063560485840e-01
1.904565572738647461e+00,-2.163239568471908569e-01
2.004641056060791016e+00,-6.413528323173522949e-01
-2.080263614654541016e+00,2.025858610868453979e-01
-1.869697570800781250e+00,5.219575762748718262e-01
-1.850873351097106934e+00,-6.637774705886840820e-01
-1.844446063041687012e+00,-7.253041863441467285e-01
2.086799144744873047e+00,-7.599335163831710815e-02
-1.962567687034606934e+00,-7.542631030082702637e-01
-2.008526802062988281e+00,6.313875913619995117e-01
1.965452432632446289e+00,7.482677698135375977e-01
1.895639419555664062e+00,-8.548248410224914551e-01
-2.006072998046875000e+00,-6.395837664604187012e-01
1.845063924789428711e+00,-8.279283046722412109e-01
-2.079226016998291016e+00,-2.288397699594497681e-01
-1.861718416213989258e+00,-8.640984892845153809e-01
1.873953223228454590e+00,-8.673859834671020508e-01
2.079119920730590820e+00,2.346619367599487305e-01
1.979402780532836914e+00,7.175666093826293945e-01
-1.850597262382507324e+00,6.530633568763732910e-01
-1.897931456565856934e+00,2.773446440696716309e-01
-1.850347757339477539e+00,-6.543822884559631348e-01
1.890598297119140625e+00,8.623825311660766602e-01
-1.853376746177673340e+00,8.599506616592407227e-01
2.050328731536865234e+00,4.608362317085266113e-01
1.840122222900390625e+00,8.042011857032775879e-01
2.017875671386718750e+00,6.037287712097167969e-01
-1.863526105880737305e+00,-5.522313714027404785e-01
1.866893529891967773e+00,5.279877185821533203e-01
1.857301950454711914e+00,8.658298254013061523e-01
-2.088582038879394531e+00,5.671505257487297058e-02
-1.839863777160644531e+00,-7.448750734329223633e-01
1.910578489303588867e+00,8.468885421752929688e-01
-2.036695480346679688e+00,-5.322470068931579590e-01
-1.875411748886108398e+00,-8.736559152603149414e-01
1.910123109817504883e+00,1.857092045247554779e-02
1.903601646423339844e+00,1.885320246219635010e-01
-2.063210725784301758e+00,-3.901064395904541016e-01
-1.923563003540039062e+00,-8.315490484237670898e-01
1.869208097457885742e+00,-8.761917352676391602e-01
1.880946874618530273e+00,-4.149299561977386475e-01
1.862160921096801758e+00,5.521660447120666504e-01
2.089627504348754883e+00,6.549235433340072632e-02
2.044204473495483398e+00,-5.001850128173828125e-01
1.862548828125000000e+00,8.762256503105163574e-01
1.874602556228637695e+00,-4.612137079238891602e-01
-2.032980680465698242e+00,-5.518357753753662109e-01
-2.009465694427490234e+00,-6.390368342399597168e-01
-1.937280416488647461e+00,-8.117256760597229004e-01
1.857729196548461914e+00,5.803190469741821289e-01
-2.009425163269042969e+00,6.401129961013793945e-01
2.067940473556518555e+00,-3.612478673458099365e-01
-1.903256535530090332e+00,1.820161789655685425e-01
-2.087925434112548828e+00,1.346887350082397461e-01
-1.909027338027954102e+00,-3.938108682632446289e-03
1.836857199668884277e+00,8.219513297080993652e-01
2.090541362762451172e+00,5.842645838856697083e-02
-1.863896846771240234e+00,8.811162114143371582e-01
1.970443964004516602e+00,7.489939928054809570e-01
-1.851162314414978027e+00,-8.737583756446838379e-01
-1.842472314834594727e+00,6.914383172988891602e-01
-2.003584861755371094e+00,-6.612991094589233398e-01
-1.842681407928466797e+00,-6.874001026153564453e-01
-1.843249440193176270e+00,-8.620939850807189941e-01
-1.907502174377441406e+00,-6.409025192260742188e-02
-1.860672712326049805e+00,-5.508875846862792969e-01
1.905659794807434082e+00,-1.187633574008941650e-01
-2.087749481201171875e+00,1.562615931034088135e-01
-1.868476867675781250e+00,8.841826915740966797e-01
-2.018350601196289062e+00,-6.142888665199279785e-01
-1.876997232437133789e+00,4.312902092933654785e-01
-2.090413570404052734e+00,9.764088690280914307e-02
-2.021261453628540039e+00,-6.043422222137451172e-01
-2.027966260910034180e+00,-5.791164040565490723e-01
1.999488830566406250e+00,-6.762239933013916016e-01
1.834161400794982910e+00,7.802140712738037109e-01
-2.091521739959716797e+00,-6.279374659061431885e-02
2.055730581283569336e+00,-4.505103230476379395e-01
-1.834188580513000488e+00,8.215609788894653320e-01
1.905890822410583496e+00,-9.489733725786209106e-02
-2.090292692184448242e+00,-1.180452927947044373e-01
-2.080384492874145508e+00,2.688778936862945557e-01
-2.068419456481933594e+00,-3.736679255962371826e-01
1.832932949066162109e+00,8.216629028320312500e-01
-1.838541507720947266e+00,-7.075625658035278320e-01
-2.014160871505737305e+00,6.340754032135009766e-01
2.090876340866088867e+00,-1.206711977720260620e-01
2.012081623077392578e+00,-6.420401334762573242e-01
1.933652758598327637e+00,8.275324106216430664e-01
1.856853723526000977e+00,5.638194680213928223e-01
-1.931620121002197266e+00,8.310779333114624023e-01
-1.841995596885681152e+00,6.711742877960205078e-01
1.902021884918212891e+00,-1.551693528890609741e-01
-1.956869840621948242e+00,7.866674065589904785e-01
2.003368854522705078e+00,6.720243692398071289e-01
2.074328422546386719e+00,-3.383893668651580811e-01
-1.890242457389831543e+00,2.977894544601440430e-01
-2.093387365341186523e+00,7.998757064342498779e-02
1.861708402633666992e+00,5.229185223579406738e-01
1.896300792694091797e+00,2.260813862085342407e-01
-2.053325176239013672e+00,4.779984354972839355e-01
-1.870522975921630859e+00,4.569667577743530273e-01
-1.903191804885864258e+00,1.031362339854240417e-01
-1.884073495864868164e+00,3.490865826606750488e-01
1.891270279884338379e+00,-2.796685099601745605e-01
2.094997644424438477e+00,-3.299924731254577637e-02
1.833101391792297363e+00,8.646234273910522461e-01
1.828206062316894531e+00,-8.124675750732421875e-01
-2.029046535491943359e+00,5.897537469863891602e-01
-1.902760028839111328e+00,8.758097887039184570e-01
-1.829791188240051270e+00,-7.646201848983764648e-01
-1.898775458335876465e+00,1.787704080343246460e-01
-1.916244506835937500e+00,-8.603687882423400879e-01
-2.089123725891113281e+00,1.979314386844635010e-01
1.859283208847045898e+00,9.029729366302490234e-01
-1.934506416320800781e+00,-8.342308402061462402e-01
1.854448914527893066e+00,-5.618661046028137207e-01
1.893422603607177734e+00,-2.444034218788146973e-01
-1.833882570266723633e+00,7.130821943283081055e-01
-1.884855747222900391e+00,-8.950905203819274902e-01
1.826963782310485840e+00,8.368735313415527344e-01
-2.078303098678588867e+00,3.235555887222290039e-01
1.902343034744262695e+00,-8.385555446147918701e-02
1.849256873130798340e+00,-5.937845110893249512e-01
-1.896321058273315430e+00,-1.999739408493041992e-01
-1.932845234870910645e+00,-8.393682241439819336e-01
1.834258556365966797e+00,8.836522102355957031e-01
1.902544021606445312e+00,-6.274203956127166748e-02
1.881254911422729492e+00,-3.560776710510253906e-01
1.847342133522033691e+00,6.030540466308593750e-01
-1.965483665466308594e+00,7.790656685829162598e-01
1.825333118438720703e+00,8.368793725967407227e-01
-2.095366716384887695e+00,-1.035915613174438477e-01
1.835559606552124023e+00,-6.862484812736511230e-01
1.837244153022766113e+00,-6.730777621269226074e-01
-1.889719486236572266e+00,-8.954495191574096680e-01
2.016116619110107422e+00,-6.448014378547668457e-01
-2.094055414199829102e+00,-1.448376923799514771e-01
2.085514307022094727e+00,-2.664829492568969727e-01
-1.901129484176635742e+00,-8.394766598939895630e-02
1.908677339553833008e+00,8.764797449111938477e-01
-1.828825473785400391e+00,8.753179907798767090e-01
-2.068603992462158203e+00,4.061996936798095703e-01
1.901907205581665039e+00,-4.584278166294097900e-02
-1.823826074600219727e+00,8.236604928970336914e-01
1.891460180282592773e+00,-8.954706192016601562e-01
-2.088248729705810547e+00,2.387190163135528564e-01
-2.052467107772827148e+00,4.993338584899902344e-01
1.940386056900024414e+00,8.307500481605529785e-01
-1.831725358963012695e+00,8.878606557846069336e-01
-1.867491960525512695e+00,-4.549409747123718262e-01
-2.095036029815673828e+00,1.339256763458251953e-01
-2.094367027282714844e+00,1.480997800827026367e-01
2.023345470428466797e+00,6.229896545410156250e-01
1.883103489875793457e+00,3.254390656948089600e-01
-2.097956180572509766e+00,-5.309871956706047058e-02
-1.882741451263427734e+00,3.281919956207275391e-01
-1.972471117973327637e+00,-7.686324119567871094e-01
-1.893314599990844727e+00,-2.135561704635620117e-01
1.868402004241943359e+00,9.131028652191162109e-01
-1.860763788223266602e+00,-4.981892108917236328e-01
-1.852245211601257324e+00,9.151376485824584961e-01
2.095124006271362305e+00,1.470402479171752930e-01
-2.086195230484008789e+00,-2.716948688030242920e-01
1.843623518943786621e+00,-9.116398096084594727e-01
-1.855085849761962891e+00,9.160521626472473145e-01
-1.874723672866821289e+00,-3.926131129264831543e-01
-2.032908916473388672e+00,5.904775261878967285e-01
-1.826385021209716797e+00,7.423138618469238281e-01
2.064325094223022461e+00,4.427815675735473633e-01
1.822340488433837891e+00,-8.590375185012817383e-01
1.847685098648071289e+00,5.814588665962219238e-01
-2.032795429229736328e+00,-5.930516719818115234e-01
1.869013667106628418e+00,9.168523550033569336e-01
-1.900346875190734863e+00,1.574461348354816437e-02
1.888745784759521484e+00,9.046218395233154297e-01
-1.898624897003173828e+00,-9.043610095977783203e-02
2.085856676101684570e+00,-2.883542180061340332e-01
-1.899495720863342285e+00,5.166547000408172607e-02
1.899700403213500977e+00,3.917814046144485474e-02
1.820360898971557617e+00,8.533762693405151367e-01
1.824485301971435547e+00,7.493396997451782227e-01
-1.819206237792968750e+00,-8.225893378257751465e-01
1.883955955505371094e+00,-2.987423241138458252e-01
-1.979751348495483398e+00,7.578760385513305664e-01
-1.874293088912963867e+00,3.840927779674530029e-01
-1.829381465911865234e+00,9.036936163902282715e-01
1.849782586097717285e+00,5.595437288284301758e-01
-2.070554971694946289e+00,4.123460948467254639e-01
-1.862520456314086914e+00,-4.718686938285827637e-01
-1.821973800659179688e+00,-7.687717676162719727e-01
-2.090484380722045898e+00,-2.443599104881286621e-01
1.989483475685119629e+00,7.343973517417907715e-01
2.045894861221313477e+00,5.439537763595581055e-01
-1.851548194885253906e+00,5.458663702011108398e-01
-1.869529962539672852e+00,-4.186307787895202637e-01
1.837849617004394531e+00,-6.380607485771179199e-01
1.831191301345825195e+00,9.109479188919067383e-01
-2.099947690963745117e+00,-8.025160431861877441e-02
-2.062386751174926758e+00,4.649912714958190918e-01
-1.896939516067504883e+00,1.022416204214096069e-01
1.832958459854125977e+00,9.156486988067626953e-01
-1.946225523948669434e+00,8.311687707901000977e-01
1.835311412811279297e+00,6.515392065048217773e-01
1.991605639457702637e+00,7.315900921821594238e-01
-1.961651086807250977e+00,-8.021891713142395020e-01
-2.101448774337768555e+00,3.623868897557258606e-02
1.839295148849487305e+00,-6.206615567207336426e-01
1.839342594146728516e+00,6.203136444091796875e-01
-1.890349388122558594e+00,-2.100349813699722290e-01
1.895361185073852539e+00,-1.264471411705017090e-01
1.816694140434265137e+00,-8.589714765548706055e-01
-1.816385746002197266e+00,-8.196020126342773438e-01
-1.980829000473022461e+00,-7.609496116638183594e-01
-2.099951267242431641e+00,-1.130397990345954895e-01
-1.815993905067443848e+00,8.327885866165161133e-01
-1.922190904617309570e+00,-8.731634616851806641e-01
1.872666478157043457e+00,3.800835013389587402e-01
2.031842947006225586e+00,-6.095907688140869141e-01
1.883486866950988770e+00,-9.187897443771362305e-01
-1.871771693229675293e+00,-3.850901126861572266e-01
1.814706563949584961e+00,-8.323453664779663086e-01
2.092462062835693359e+00,-2.492476105690002441e-01
-1.874102711677551270e+00,9.272018671035766602e-01
-1.865599751472473145e+00,-4.305992126464843750e-01
-2.094248294830322266e+00,-2.291957139968872070e-01
-1.835970640182495117e+00,-6.320552825927734375e-01
2.072377204895019531e+00,4.183349311351776123e-01
-1.819139957427978516e+00,7.591882944107055664e-01
1.987642765045166016e+00,-7.479762434959411621e-01
1.865773916244506836e+00,-9.337904453277587891e-01
1.839028120040893555e+00,9.347510933876037598e-01
2.099360942840576172e+00,-1.598728299140930176e-01
-2.103127479553222656e+00,-5.976808816194534302e-02
1.971224546432495117e+00,-7.888799905776977539e-01
-2.103246688842773438e+00,-6.228410452604293823e-02
2.063565731048583984e+00,4.747127294540405273e-01
-1.893902063369750977e+00,9.140496253967285156e-01
2.082267761230468750e+00,-3.548893034458160400e-01
2.104001045227050781e+00,-2.865787968039512634e-02
-1.856710433959960938e+00,4.853899478912353516e-01
-2.103340148925781250e+00,7.319419085979461670e-02
1.885220766067504883e+00,2.424028813838958740e-01
1.844355106353759766e+00,5.674976706504821777e-01
-1.830061912536621094e+00,-6.627231240272521973e-01
-2.082937479019165039e+00,3.527930974960327148e-01
-1.841582298278808594e+00,5.849627256393432617e-01
1.836807131767272949e+00,6.160821914672851562e-01
1.890649080276489258e+00,-1.614790260791778564e-01
1.890602588653564453e+00,1.621620506048202515e-01
-2.045661211013793945e+00,5.642681121826171875e-01
2.021460771560668945e+00,-6.555367112159729004e-01
-2.104423046112060547e+00,4.762421920895576477e-02
-2.034956455230712891e+00,6.078165173530578613e-01
